year,date,julian_day,min_temp_2m,max_temp_2m,avg_temp_2m,precip_mm,cum_precip_mm,cum_precip_dry_mm,cum_precip_wet_mm,shelter_status,spring_graze,fall_graze,water_add_event,water_add_precip_tot_mm,soil_vwc_measured,notes,cum_precip_over_years_ambient,cum_precip_over_years_dry,cum_precip_over_years_wet,cum_julian_day
2018,1/1/2018,1,-13.015,-0.5552,-9.3899,0,0,0,0,0,0,0,0,0,0,,0,0,0,1
2018,1/2/2018,2,-10.741,5.6318,-2.7657,0,0,0,0,0,0,0,0,0,0,,0,0,0,2
2018,1/3/2018,3,-3.3509,8.9112,2.5669,0,0,0,0,0,0,0,0,0,0,,0,0,0,3
2018,1/4/2018,4,-1.3071,9.3654,2.8719,0,0,0,0,0,0,0,0,0,0,,0,0,0,4
2018,1/5/2018,5,-0.893,15.141,6.9161,0,0,0,0,0,0,0,0,0,0,,0,0,0,5
2018,1/6/2018,6,1.5575,14.12,6.8334,0,0,0,0,0,0,0,0,0,0,,0,0,0,6
2018,1/7/2018,7,-1.6679,9.9303,4.1616,0,0,0,0,0,0,0,0,0,0,,0,0,0,7
2018,1/8/2018,8,-2.5727,15.998,6.5606,0,0,0,0,0,0,0,0,0,0,,0,0,0,8
2018,1/9/2018,9,5.9721,18.273,12.2888,0,0,0,0,0,0,0,0,0,0,,0,0,0,9
2018,1/10/2018,10,-5.4615,12.384,6.9913,0,0,0,0,0,0,0,0,0,0,,0,0,0,10
2018,1/11/2018,11,-7.7216,4.9553,-0.7597,0,0,0,0,0,0,0,0,0,0,,0,0,0,11
2018,1/12/2018,12,-3.0118,7.1292,3.0818,0,0,0,0,0,0,0,0,0,0,,0,0,0,12
2018,1/13/2018,13,-5.548,7.6039,3.2809,0,0,0,0,0,0,0,0,0,0,,0,0,0,13
2018,1/14/2018,14,-4.7224,11.643,2.8095,0,0,0,0,0,0,0,0,0,0,,0,0,0,14
2018,1/15/2018,15,-18.041,-1.5276,-8.8382,0,0,0,0,0,0,0,0,0,0,,0,0,0,15
2018,1/16/2018,16,-18.359,0.221,-7.8638,0,0,0,0,0,0,0,0,0,0,,0,0,0,16
2018,1/17/2018,17,-6.0064,9.4013,2.1711,2.032,2.032,2.032,2.032,0,0,0,0,0,0,,2.032,2.032,2.032,17
2018,1/18/2018,18,1.1087,17.526,9.8092,0,2.032,2.032,2.032,0,0,0,0,0,0,,2.032,2.032,2.032,18
2018,1/19/2018,19,5.3844,18.359,12.4414,0,2.032,2.032,2.032,0,0,0,0,0,0,,2.032,2.032,2.032,19
2018,1/20/2018,20,-2.9483,11.47,3.7007,0,2.032,2.032,2.032,0,0,0,0,0,0,,2.032,2.032,2.032,20
2018,1/21/2018,21,-7.0716,-2.9106,-5.3015,0,2.032,2.032,2.032,0,0,0,0,0,0,,2.032,2.032,2.032,21
2018,1/22/2018,22,-5.0778,3.1113,-0.8477,0.508,2.54,2.54,2.54,0,0,0,0,0,0,,2.54,2.54,2.54,22
2018,1/23/2018,23,-7.11,2.598,-0.6337,11.684,14.224,14.224,14.224,0,0,0,0,0,0,,14.224,14.224,14.224,23
2018,1/24/2018,24,-7.5864,11.086,5.0763,0,14.224,14.224,14.224,0,0,0,0,0,0,,14.224,14.224,14.224,24
2018,1/25/2018,25,0.9464,11.198,6.6859,0,14.224,14.224,14.224,0,0,0,0,0,0,,14.224,14.224,14.224,25
2018,1/26/2018,26,-6.4218,5.9254,0.2467,0,14.224,14.224,14.224,0,0,0,0,0,0,,14.224,14.224,14.224,26
2018,1/27/2018,27,-3.6432,4.9281,1.2553,0,14.224,14.224,14.224,0,0,0,0,0,0,,14.224,14.224,14.224,27
2018,1/28/2018,28,-4.1301,7.1353,2.6636,0,14.224,14.224,14.224,0,0,0,0,0,0,,14.224,14.224,14.224,28
2018,1/29/2018,29,-4.5917,13.237,6.2415,0,14.224,14.224,14.224,0,0,0,0,0,0,,14.224,14.224,14.224,29
2018,1/30/2018,30,5.3094,16.553,12.2763,0,14.224,14.224,14.224,0,0,0,0,0,0,,14.224,14.224,14.224,30
2018,1/31/2018,31,-5.2219,11.936,0.5602,0,14.224,14.224,14.224,0,0,0,0,0,0,,14.224,14.224,14.224,31
2018,2/1/2018,32,-6.205,-3.0387,-4.9046,0.254,14.478,14.478,14.478,0,0,0,0,0,0,,14.478,14.478,14.478,32
2018,2/2/2018,33,-5.9919,13.141,3.0261,0,14.478,14.478,14.478,0,0,0,0,0,0,,14.478,14.478,14.478,33
2018,2/3/2018,34,5.7612,11.684,8.4058,0,14.478,14.478,14.478,0,0,0,0,0,0,,14.478,14.478,14.478,34
2018,2/4/2018,35,-10.945,10.129,-2.6409,0,14.478,14.478,14.478,0,0,0,0,0,0,,14.478,14.478,14.478,35
2018,2/5/2018,36,-6.4825,9.8968,3.592,0,14.478,14.478,14.478,0,0,0,0,0,0,,14.478,14.478,14.478,36
2018,2/6/2018,37,-7.7151,8.3918,-0.5042,0,14.478,14.478,14.478,0,0,0,0,0,0,,14.478,14.478,14.478,37
2018,2/7/2018,38,-5.9148,9.2411,3.9461,0,14.478,14.478,14.478,0,0,0,0,0,0,,14.478,14.478,14.478,38
2018,2/8/2018,39,5.6656,13.394,9.6322,0,14.478,14.478,14.478,0,0,0,0,0,0,,14.478,14.478,14.478,39
2018,2/9/2018,40,-11.69,10.643,-2.6787,0,14.478,14.478,14.478,0,0,0,0,0,0,,14.478,14.478,14.478,40
2018,2/10/2018,41,-13.441,-8.9769,-11.6424,1.778,16.256,16.256,16.256,0,0,0,0,0,0,,16.256,16.256,16.256,41
2018,2/11/2018,42,-12.653,4.3628,-3.727,0,16.256,16.256,16.256,0,0,0,0,0,0,,16.256,16.256,16.256,42
2018,2/12/2018,43,-11.07,-4.8531,-9.642,0,16.256,16.256,16.256,0,0,0,0,0,0,,16.256,16.256,16.256,43
2018,2/13/2018,44,-11.108,13.591,3.5793,0,16.256,16.256,16.256,0,0,0,0,0,0,,16.256,16.256,16.256,44
2018,2/14/2018,45,2.1345,15.381,8.8954,0,16.256,16.256,16.256,0,0,0,0,0,0,,16.256,16.256,16.256,45
2018,2/15/2018,46,-8.2323,6.6481,1.8058,0,16.256,16.256,16.256,0,0,0,0,0,0,,16.256,16.256,16.256,46
2018,2/16/2018,47,-10.461,6.1287,-2.3403,0,16.256,16.256,16.256,0,0,0,0,0,0,,16.256,16.256,16.256,47
2018,2/17/2018,48,1.0257,12.3,5.2028,0,16.256,16.256,16.256,0,0,0,0,0,0,,16.256,16.256,16.256,48
2018,2/18/2018,49,-6.3655,16.812,8.6659,0,16.256,16.256,16.256,0,0,0,0,0,0,,16.256,16.256,16.256,49
2018,2/19/2018,50,-18.318,-6.3997,-12.7209,8.382,24.638,24.638,24.638,0,0,0,0,0,0,,24.638,24.638,24.638,50
2018,2/20/2018,51,-22.179,-12.624,-16.706,1.778,26.416,26.416,26.416,0,0,0,0,0,0,,26.416,26.416,26.416,51
2018,2/21/2018,52,-18.348,-8.3128,-12.2176,0,26.416,26.416,26.416,0,0,0,0,0,0,,26.416,26.416,26.416,52
2018,2/22/2018,53,-12.983,-5.6156,-8.8642,0.508,26.924,26.924,26.924,0,0,0,0,0,0,,26.924,26.924,26.924,53
2018,2/23/2018,54,-11.007,-3.9379,-7.0364,1.016,27.94,27.94,27.94,0,0,0,0,0,0,,27.94,27.94,27.94,54
2018,2/24/2018,55,-8.8246,-1.6652,-4.9931,0,27.94,27.94,27.94,0,0,0,0,0,0,,27.94,27.94,27.94,55
2018,2/25/2018,56,-7.353,1.1237,-2.2527,0,27.94,27.94,27.94,0,0,0,0,0,0,,27.94,27.94,27.94,56
2018,2/26/2018,57,-5.2815,8.5916,1.2914,0,27.94,27.94,27.94,0,0,0,0,0,0,,27.94,27.94,27.94,57
2018,2/27/2018,58,-2.6934,10.223,2.6914,0,27.94,27.94,27.94,0,0,0,0,0,0,,27.94,27.94,27.94,58
2018,2/28/2018,59,-2.5257,7.5057,1.756,0,27.94,27.94,27.94,0,0,0,0,0,0,,27.94,27.94,27.94,59
2018,3/1/2018,60,-6.5628,10.072,2.2145,0,27.94,27.94,27.94,0,0,0,0,0,0,,27.94,27.94,27.94,60
2018,3/2/2018,61,0.3877,18.424,9.1181,0,27.94,27.94,27.94,0,0,0,0,0,0,,27.94,27.94,27.94,61
2018,3/3/2018,62,2.9163,16.646,9.8939,0,27.94,27.94,27.94,0,0,0,0,0,0,,27.94,27.94,27.94,62
2018,3/4/2018,63,-3.1139,16.43,7.1033,0,27.94,27.94,27.94,0,0,0,0,0,0,,27.94,27.94,27.94,63
2018,3/5/2018,64,-4.5278,1.143,-2.1644,0,27.94,27.94,27.94,0,0,0,0,0,0,,27.94,27.94,27.94,64
2018,3/6/2018,65,-4.6014,7.591,-0.1541,0,27.94,27.94,27.94,0,0,0,0,0,0,,27.94,27.94,27.94,65
2018,3/7/2018,66,-8.6884,9.0302,0.348,0,27.94,27.94,27.94,0,0,0,0,0,0,,27.94,27.94,27.94,66
2018,3/8/2018,67,-1.7447,14.57,7.6448,0,27.94,27.94,27.94,0,0,0,0,0,0,,27.94,27.94,27.94,67
2018,3/9/2018,68,5.0515,14.9,9.7304,0,27.94,27.94,27.94,0,0,0,0,0,0,,27.94,27.94,27.94,68
2018,3/10/2018,69,-3.6001,9.4428,4.6553,0,27.94,27.94,27.94,0,0,0,0,0,0,,27.94,27.94,27.94,69
2018,3/11/2018,70,-6.7306,8.0656,0.7451,0,27.94,27.94,27.94,0,0,0,0,0,0,,27.94,27.94,27.94,70
2018,3/12/2018,71,-4.41,10.639,3.7432,0,27.94,27.94,27.94,0,0,0,0,0,0,,27.94,27.94,27.94,71
2018,3/13/2018,72,-4.2713,11.89,4.0062,0,27.94,27.94,27.94,0,0,0,0,0,0,,27.94,27.94,27.94,72
2018,3/14/2018,73,-0.18,17.66,9.2297,0,27.94,27.94,27.94,0,0,0,0,0,0,,27.94,27.94,27.94,73
2018,3/15/2018,74,0.6681,16.357,7.9298,1.27,29.21,29.21,29.21,0,0,0,0,0,0,,29.21,29.21,29.21,74
2018,3/16/2018,75,0.3652,8.7343,5.033,0,29.21,29.21,29.21,0,0,0,0,0,0,,29.21,29.21,29.21,75
2018,3/17/2018,76,-2.0225,13.65,6.4439,0,29.21,29.21,29.21,0,0,0,0,0,0,,29.21,29.21,29.21,76
2018,3/18/2018,77,-1.5145,9.5177,2.9699,3.556,32.766,32.766,32.766,0,0,0,0,0,0,,32.766,32.766,32.766,77
2018,3/19/2018,78,-4.2985,5.5316,-0.2321,12.954,45.72,45.72,45.72,0,0,0,0,0,0,,45.72,45.72,45.72,78
2018,3/20/2018,79,-3.168,5.6445,2.4535,2.794,48.514,48.514,48.514,0,0,0,0,0,0,,48.514,48.514,48.514,79
2018,3/21/2018,80,-1.5969,12.636,6.8706,0,48.514,48.514,48.514,0,0,0,0,0,0,,48.514,48.514,48.514,80
2018,3/22/2018,81,5.9192,18.992,13.1299,0,48.514,48.514,48.514,0,0,0,0,0,0,,48.514,48.514,48.514,81
2018,3/23/2018,82,4.3719,18.678,11.7919,0,48.514,48.514,48.514,0,0,0,0,0,0,,48.514,48.514,48.514,82
2018,3/24/2018,83,0.0386,15.701,8.6237,0,48.514,48.514,48.514,0,0,0,0,0,0,,48.514,48.514,48.514,83
2018,3/25/2018,84,-0.94,14.114,7.2451,1.778,50.292,50.292,50.292,0,0,0,0,0,0,,50.292,50.292,50.292,84
2018,3/26/2018,85,-1.7379,6.6226,1.8334,4.064,54.356,54.356,54.356,0,0,0,0,0,0,,54.356,54.356,54.356,85
2018,3/27/2018,86,-5.7779,5.2475,1.0875,18.288,72.644,72.644,72.644,0,0,0,0,0,0,,72.644,72.644,72.644,86
2018,3/28/2018,87,-5.0519,6.0674,1.4821,0.762,73.406,73.406,73.406,0,0,0,0,0,0,,73.406,73.406,73.406,87
2018,3/29/2018,88,-4.9607,5.9537,-0.1852,9.652,83.058,83.058,83.058,0,0,0,0,0,0,,83.058,83.058,83.058,88
2018,3/30/2018,89,-3.0604,15.444,6.6453,1.016,84.074,84.074,84.074,0,0,0,0,0,0,,84.074,84.074,84.074,89
2018,3/31/2018,90,-5.149,11.492,3.9855,0,84.074,84.074,84.074,0,0,0,0,0,0,,84.074,84.074,84.074,90
2018,4/1/2018,91,-5.7076,8.8936,0.6146,0,84.074,84.074,84.074,0,0,0,0,0,0,,84.074,84.074,84.074,91
2018,4/2/2018,92,0.5331,20.762,12.1243,0,84.074,84.074,84.074,0,0,0,0,0,0,,84.074,84.074,84.074,92
2018,4/3/2018,93,-2.9493,9.028,2.2219,0,84.074,84.074,84.074,0,0,0,0,0,0,,84.074,84.074,84.074,93
2018,4/4/2018,94,-4.6624,14.928,8.176,0,84.074,84.074,84.074,0,0,0,0,0,0,,84.074,84.074,84.074,94
2018,4/5/2018,95,5.9889,16.314,11.3396,0,84.074,84.074,84.074,0,0,0,0,0,0,,84.074,84.074,84.074,95
2018,4/6/2018,96,-7.1071,6.0878,-2.7037,5.588,89.662,89.662,89.662,0,0,0,0,0,0,,89.662,89.662,89.662,96
2018,4/7/2018,97,-7.1963,15.054,2.5842,0,89.662,89.662,89.662,0,0,0,0,0,0,,89.662,89.662,89.662,97
2018,4/8/2018,98,3.7581,13.413,9.3894,0,89.662,89.662,89.662,0,0,0,0,0,0,,89.662,89.662,89.662,98
2018,4/9/2018,99,-0.5693,11.845,5.3002,1.524,91.186,91.186,91.186,0,0,0,0,0,0,,91.186,91.186,91.186,99
2018,4/10/2018,100,4.0316,18.765,13.0501,0,91.186,91.186,91.186,0,0,0,0,0,0,,91.186,91.186,91.186,100
2018,4/11/2018,101,10.367,23.056,16.5266,0,91.186,91.186,91.186,0,0,0,0,0,0,,91.186,91.186,91.186,101
2018,4/12/2018,102,4.6043,22.732,11.7521,0,91.186,91.186,91.186,0,0,0,0,0,0,,91.186,91.186,91.186,102
2018,4/13/2018,103,-1.9976,5.6316,2.0346,1.016,92.202,92.202,92.202,0,0,0,0,0,0,,92.202,92.202,92.202,103
2018,4/14/2018,104,-3.1898,11.706,4.0736,0,92.202,92.202,92.202,0,0,0,0,0,0,,92.202,92.202,92.202,104
2018,4/15/2018,105,-1.3454,14.278,6.9161,0,92.202,92.202,92.202,0,0,0,0,0,0,,92.202,92.202,92.202,105
2018,4/16/2018,106,-0.7492,17.287,10.2414,0,92.202,92.202,92.202,0,0,0,0,0,0,,92.202,92.202,92.202,106
2018,4/17/2018,107,0.2549,18.974,9.9291,0,92.202,92.202,92.202,0,0,0,0,0,0,,92.202,92.202,92.202,107
2018,4/18/2018,108,-2.2804,11.255,4.9363,0,92.202,92.202,92.202,0,0,0,0,0,0,,92.202,92.202,92.202,108
2018,4/19/2018,109,-1.4561,14.463,6.6777,0,92.202,92.202,92.202,0,0,0,0,0,0,,92.202,92.202,92.202,109
2018,4/20/2018,110,-1.0126,8.0277,3.8781,5.588,97.79,97.79,97.79,0,0,0,0,0,0,,97.79,97.79,97.79,110
2018,4/21/2018,111,-1.2657,3.5268,0.4456,4.572,102.362,102.362,102.362,0,0,0,0,0,0,,102.362,102.362,102.362,111
2018,4/22/2018,112,0.2037,15.362,8.3433,0,102.362,102.362,102.362,0,0,0,0,0,0,,102.362,102.362,102.362,112
2018,4/23/2018,113,1.5404,19.163,10.8095,0.254,102.616,102.616,102.616,0,0,0,0,0,0,,102.616,102.616,102.616,113
2018,4/24/2018,114,-1.1815,2.1196,-0.2333,10.668,113.284,113.284,113.284,0,0,0,0,0,0,,113.284,113.284,113.284,114
2018,4/25/2018,115,-3.2063,17.671,7.7503,0,113.284,113.284,113.284,0,0,0,0,0,0,,113.284,113.284,113.284,115
2018,4/26/2018,116,4.0813,12.6,8.2175,0,113.284,113.284,113.284,0,0,0,0,0,0,,113.284,113.284,113.284,116
2018,4/27/2018,117,4.3563,19.964,12.8025,0,113.284,113.284,113.284,0,0,0,0,0,0,,113.284,113.284,113.284,117
2018,4/28/2018,118,5.7687,20.994,14.5441,0,113.284,113.284,113.284,0,0,0,0,0,0,,113.284,113.284,113.284,118
2018,4/29/2018,119,10.555,24.243,17.9765,0,113.284,113.284,113.284,0,0,0,0,0,0,,113.284,113.284,113.284,119
2018,4/30/2018,120,7.5874,19.071,13.4622,0,113.284,113.284,113.284,0,0,0,0,0,0,,113.284,113.284,113.284,120
2018,5/1/2018,121,5.8278,15.459,9.0291,0,113.284,113.284,113.284,0,0,0,0,0,0,,113.284,113.284,113.284,121
2018,5/2/2018,122,3.8076,6.8468,5.5798,17.526,130.81,130.81,130.81,0,0,0,0,0,0,,130.81,130.81,130.81,122
2018,5/3/2018,123,1.7984,9.4429,4.9945,34.798,165.608,165.608,165.608,0,0,0,0,0,0,,165.608,165.608,165.608,123
2018,5/4/2018,124,5.39,18.932,12.6557,0.254,165.862,165.862,165.862,0,0,0,0,0,0,,165.862,165.862,165.862,124
2018,5/5/2018,125,12.081,21.663,15.9771,0,165.862,165.862,165.862,0,0,0,0,0,0,,165.862,165.862,165.862,125
2018,5/6/2018,126,9.9346,21.88,16.2184,0,165.862,165.862,165.862,0,0,0,0,0,0,,165.862,165.862,165.862,126
2018,5/7/2018,127,9.7841,25.702,17.5893,0,165.862,165.862,165.862,0,0,0,0,0,0,,165.862,165.862,165.862,127
2018,5/8/2018,128,8.8805,22.135,16.5002,0,165.862,165.862,165.862,0,0,0,0,0,0,,165.862,165.862,165.862,128
2018,5/9/2018,129,9.4277,21.218,16.5757,0,165.862,165.862,165.862,0,0,0,0,0,0,,165.862,165.862,165.862,129
2018,5/10/2018,130,8.5725,26.149,17.2055,0,165.862,165.862,165.862,0,0,0,0,0,0,,165.862,165.862,165.862,130
2018,5/11/2018,131,8.984,20.575,13.733,0.508,166.37,166.37,166.37,0,0,0,0,0,0,,166.37,166.37,166.37,131
2018,5/12/2018,132,8.873,11.907,9.8902,21.59,187.96,187.96,187.96,0,0,0,0,0,0,,187.96,187.96,187.96,132
2018,5/13/2018,133,7.9677,12.186,9.7273,6.35,194.31,194.31,194.31,0,0,0,0,0,0,,194.31,194.31,194.31,133
2018,5/14/2018,134,8.0273,16.241,10.9485,13.462,207.772,207.772,207.772,0,0,0,0,0,0,,207.772,207.772,207.772,134
2018,5/15/2018,135,6.0823,19.851,13.0208,0,207.772,207.772,207.772,0,0,0,0,0,0,,207.772,207.772,207.772,135
2018,5/16/2018,136,9.0921,24.836,17.8157,0,207.772,207.772,207.772,0,0,0,0,0,0,,207.772,207.772,207.772,136
2018,5/17/2018,137,9.5469,24.434,18.3934,0,207.772,207.772,207.772,0,0,0,0,0,0,,207.772,207.772,207.772,137
2018,5/18/2018,138,7.1574,16.109,11.158,47.244,255.016,255.016,255.016,0,0,0,0,0,0,,255.016,255.016,255.016,138
2018,5/19/2018,139,4.3991,8.7864,6.4539,11.176,266.192,266.192,266.192,0,0,0,0,0,0,,266.192,266.192,266.192,139
2018,5/20/2018,140,4.0205,9.0617,6.4737,4.064,270.256,270.256,270.256,0,0,0,0,0,0,,270.256,270.256,270.256,140
2018,5/21/2018,141,4.509,22.56,13.9034,0,270.256,270.256,270.256,0,0,0,0,0,0,,270.256,270.256,270.256,141
2018,5/22/2018,142,10.795,21.685,15.8142,0,270.256,270.256,270.256,1,0,0,0,0,0,,270.256,270.256,270.256,142
2018,5/23/2018,143,9.3033,21.683,16.1233,0.762,271.018,270.509746,271.018,1,0,0,0,0,0,,271.018,270.509746,271.018,143
2018,5/24/2018,144,10.585,27.259,18.8559,0,271.018,270.509746,271.018,1,0,0,0,0,0,,271.018,270.509746,271.018,144
2018,5/25/2018,145,13.54,27.517,21.237,0,271.018,270.509746,271.018,1,0,0,0,0,0,,271.018,270.509746,271.018,145
2018,5/26/2018,146,13.857,27.255,21.77,0,271.018,270.509746,271.018,1,0,0,0,0,0,,271.018,270.509746,271.018,146
2018,5/27/2018,147,14.032,24.942,19.4159,0,271.018,270.509746,271.018,1,0,0,0,0,0,,271.018,270.509746,271.018,147
2018,5/28/2018,148,10.466,16.446,13.3606,2.032,273.05,271.186402,273.05,1,0,0,0,0,0,,273.05,271.186402,273.05,148
2018,5/29/2018,149,10.093,20.897,14.9241,0,273.05,271.186402,273.05,1,0,0,0,0,0,,273.05,271.186402,273.05,149
2018,5/30/2018,150,9.9228,24.581,17.0447,0.508,273.558,271.355566,273.558,1,0,0,0,0,0,,273.558,271.355566,273.558,150
2018,5/31/2018,151,12.246,28.795,21.7394,0,273.558,271.355566,273.558,1,0,0,0,0,0,,273.558,271.355566,273.558,151
2018,6/1/2018,152,14.252,28.391,22.5524,0,273.558,271.355566,273.558,1,0,0,0,0,0,,273.558,271.355566,273.558,152
2018,6/2/2018,153,10.727,23.525,17.1024,0,273.558,271.355566,273.558,1,0,0,0,0,0,,273.558,271.355566,273.558,153
2018,6/3/2018,154,8.5717,20.576,15.6501,0,273.558,271.355566,273.558,1,0,0,0,0,0,,273.558,271.355566,273.558,154
2018,6/4/2018,155,12.357,29.781,22.3369,0,273.558,271.355566,273.558,1,0,0,0,0,0,,273.558,271.355566,273.558,155
2018,6/5/2018,156,18.235,30.935,24.6168,0,273.558,271.355566,273.558,1,0,0,0,0,0,,273.558,271.355566,273.558,156
2018,6/6/2018,157,16.682,27.626,21.6141,0,273.558,271.355566,273.558,1,0,0,0,0,0,,273.558,271.355566,273.558,157
2018,6/7/2018,158,12.931,30.338,22.3411,0,273.558,271.355566,273.558,1,0,0,0,0,0,,273.558,271.355566,273.558,158
2018,6/8/2018,159,12.905,30.352,23.3331,0,273.558,271.355566,273.558,1,0,0,0,0,0,,273.558,271.355566,273.558,159
2018,6/9/2018,160,14.824,30.183,22.1276,0,273.558,271.355566,273.558,1,0,0,0,0,0,,273.558,271.355566,273.558,160
2018,6/10/2018,161,14.992,31.953,25.3022,0,273.558,271.355566,273.558,1,0,0,0,0,0,,273.558,271.355566,273.558,161
2018,6/11/2018,162,12.989,26.12,19.8095,0,273.558,271.355566,273.558,1,0,0,0,0,0,,273.558,271.355566,273.558,162
2018,6/12/2018,163,11.665,26.258,19.0027,0,273.558,271.355566,273.558,1,0,0,0,0,0,,273.558,271.355566,273.558,163
2018,6/13/2018,164,12.481,30.43,21.4988,0,273.558,271.355566,273.558,1,0,0,0,0,0,,273.558,271.355566,273.558,164
2018,6/14/2018,165,16.908,32.4,25.6345,0,273.558,271.355566,273.558,1,0,0,0,0,0,,273.558,271.355566,273.558,165
2018,6/15/2018,166,15.761,30.85,23.9905,0,273.558,271.355566,273.558,1,0,0,0,0,0,,273.558,271.355566,273.558,166
2018,6/16/2018,167,16.477,25.348,19.9512,3.556,277.114,272.539714,277.114,1,0,0,0,0,0,,277.114,272.539714,277.114,167
2018,6/17/2018,168,11.704,16.545,14.463,16.764,293.878,278.122126,293.878,1,0,0,0,0,0,,293.878,278.122126,293.878,168
2018,6/18/2018,169,11.237,21.615,14.6325,10.922,304.8,281.759152,304.8,1,0,0,0,0,0,,304.8,281.759152,304.8,169
2018,6/19/2018,170,11.171,21.7,15.7555,8.89,313.69,284.719522,313.69,1,0,0,0,0,0,,313.69,284.719522,313.69,170
2018,6/20/2018,171,9.249,21.974,15.8869,0,313.69,284.719522,342.35644,1,0,0,1,43.434,0,,313.69,284.719522,342.35644,171
2018,6/21/2018,172,11.047,25.204,18.1788,0,313.69,284.719522,342.35644,1,0,0,0,0,0,,313.69,284.719522,342.35644,172
2018,6/22/2018,173,12.706,28.578,19.3367,0,313.69,284.719522,342.35644,1,0,0,0,0,0,,313.69,284.719522,342.35644,173
2018,6/23/2018,174,11.628,27.882,19.6755,0,313.69,284.719522,342.35644,1,0,0,0,0,0,,313.69,284.719522,342.35644,174
2018,6/24/2018,175,10.383,18.498,13.9251,2.54,316.23,285.565342,344.89644,1,0,0,0,0,0,,316.23,285.565342,344.89644,175
2018,6/25/2018,176,8.6562,26.426,18.1524,0,316.23,285.565342,344.89644,1,0,0,0,0,0,,316.23,285.565342,344.89644,176
2018,6/26/2018,177,12.5,33.991,24.5213,0,316.23,285.565342,344.89644,1,0,0,0,0,0,,316.23,285.565342,344.89644,177
2018,6/27/2018,178,17.697,34.474,26.6477,0,316.23,285.565342,344.89644,1,0,0,0,0,0,,316.23,285.565342,344.89644,178
2018,6/28/2018,179,17.004,34.643,27.4012,0,316.23,285.565342,344.89644,1,0,0,0,0,0,,316.23,285.565342,344.89644,179
2018,6/29/2018,180,17.23,30.591,25.7982,0,316.23,285.565342,344.89644,1,0,0,0,0,0,,316.23,285.565342,344.89644,180
2018,6/30/2018,181,10.142,19.152,14.9881,0,316.23,285.565342,344.89644,1,0,0,0,0,0,,316.23,285.565342,344.89644,181
2018,7/1/2018,182,8.733,29.063,19.3534,0,316.23,285.565342,344.89644,1,0,0,0,0,0,,316.23,285.565342,344.89644,182
2018,7/2/2018,183,16.244,32.139,24.0144,0,316.23,285.565342,344.89644,1,0,0,0,0,0,,316.23,285.565342,344.89644,183
2018,7/3/2018,184,16.614,31.756,24.4041,0,316.23,285.565342,344.89644,1,0,0,0,0,0,,316.23,285.565342,344.89644,184
2018,7/4/2018,185,15.188,29.273,21.5604,3.048,319.278,286.580326,347.94444,1,0,0,0,0,0,,319.278,286.580326,347.94444,185
2018,7/5/2018,186,14.55,24.946,19.9721,0,319.278,286.580326,347.94444,1,0,0,0,0,0,,319.278,286.580326,347.94444,186
2018,7/6/2018,187,13.089,30.184,21.3624,0,319.278,286.580326,347.94444,1,0,0,0,0,0,,319.278,286.580326,347.94444,187
2018,7/7/2018,188,17.319,33.583,25.1622,0,319.278,286.580326,351.63252,1,0,0,1,5.588,0,,319.278,286.580326,351.63252,188
2018,7/8/2018,189,17.187,32.907,26.422,0,319.278,286.580326,351.63252,1,0,0,0,0,0,,319.278,286.580326,351.63252,189
2018,7/9/2018,190,16.808,32.053,25.2135,0,319.278,286.580326,351.63252,1,0,0,0,0,0,,319.278,286.580326,351.63252,190
2018,7/10/2018,191,16.633,33.493,25.1793,0,319.278,286.580326,351.63252,1,0,0,0,0,0,,319.278,286.580326,351.63252,191
2018,7/11/2018,192,19.033,31.979,25.3854,0,319.278,286.580326,351.63252,1,0,0,0,0,0,,319.278,286.580326,351.63252,192
2018,7/12/2018,193,16.17,26.997,20.3525,0,319.278,286.580326,351.63252,1,0,0,0,0,0,,319.278,286.580326,351.63252,193
2018,7/13/2018,194,13.863,29.094,22.084,0,319.278,286.580326,351.63252,1,0,0,0,0,0,,319.278,286.580326,351.63252,194
2018,7/14/2018,195,16.44,32.44,24.5392,0,319.278,286.580326,351.63252,1,0,0,0,0,0,,319.278,286.580326,351.63252,195
2018,7/15/2018,196,13.237,22.787,16.8385,8.636,327.914,289.456114,360.26852,1,0,0,0,0,0,,327.914,289.456114,360.26852,196
2018,7/16/2018,197,11.613,29.039,19.9426,0.254,328.168,289.540696,360.52252,1,0,0,0,0,0,,328.168,289.540696,360.52252,197
2018,7/17/2018,198,14.132,27.401,19.9394,1.016,329.184,289.879024,367.40592,1,0,0,1,8.89,0,,329.184,289.879024,367.40592,198
2018,7/18/2018,199,15.813,32.728,24.6613,0,329.184,289.879024,367.40592,1,0,0,0,0,0,,329.184,289.879024,367.40592,199
2018,7/19/2018,200,17.972,34.361,26.6572,0,329.184,289.879024,367.40592,1,0,0,0,0,0,,329.184,289.879024,367.40592,200
2018,7/20/2018,201,18.149,33.615,26.3884,0,329.184,289.879024,367.40592,1,0,0,0,0,0,,329.184,289.879024,367.40592,201
2018,7/21/2018,202,17.025,32.069,24.9029,0,329.184,289.879024,367.40592,1,0,0,0,0,1,,329.184,289.879024,367.40592,202
2018,7/22/2018,203,16.56,32.289,23.9412,4.826,334.01,291.486082,372.23192,1,0,0,0,0,0,,334.01,291.486082,372.23192,203
2018,7/23/2018,204,15.296,21.853,18.3521,5.842,339.852,293.431468,378.07392,1,0,0,0,0,0,,339.852,293.431468,378.07392,204
2018,7/24/2018,205,14.583,28.914,21.3064,0,339.852,293.431468,385.78536,1,0,0,1,11.684,1,vwc collected 3 hours after water addition,339.852,293.431468,385.78536,205
2018,7/25/2018,206,14.528,27.627,19.7029,3.048,342.9,294.446452,388.83336,1,0,0,0,0,0,,342.9,294.446452,388.83336,206
2018,7/26/2018,207,13.276,25.296,18.445,1.27,344.17,294.869362,390.10336,1,0,0,0,0,0,,344.17,294.869362,390.10336,207
2018,7/27/2018,208,12.959,25.048,17.4723,3.302,347.472,295.968928,393.40536,1,0,0,0,0,0,,347.472,295.968928,393.40536,208
2018,7/28/2018,209,13.354,23.06,17.5148,0.254,347.726,296.05351,393.65936,1,0,0,0,0,0,,347.726,296.05351,393.65936,209
2018,7/29/2018,210,11.891,24.296,16.0844,0,347.726,296.05351,393.65936,1,0,0,0,0,0,,347.726,296.05351,393.65936,210
2018,7/30/2018,211,11.867,23.41,17.4344,0,347.726,296.05351,398.8562,1,0,0,1,7.874,0,,347.726,296.05351,398.8562,211
2018,7/31/2018,212,9.7049,27.328,19.5771,0,347.726,296.05351,398.8562,1,0,0,0,0,1,,347.726,296.05351,398.8562,212
2018,8/1/2018,213,12.982,25.312,19.86,0,347.726,296.05351,398.8562,1,0,0,0,0,0,,347.726,296.05351,398.8562,213
2018,8/2/2018,214,14.445,31.191,23.8451,0,347.726,296.05351,398.8562,1,0,0,0,0,0,,347.726,296.05351,398.8562,214
2018,8/3/2018,215,19.736,25.704,22.3729,0,347.726,296.05351,398.8562,1,0,0,0,0,0,,347.726,296.05351,398.8562,215
2018,8/4/2018,216,19.413,31.829,25.6732,0,347.726,296.05351,398.8562,1,0,0,0,0,0,,347.726,296.05351,398.8562,216
2018,8/5/2018,217,15.991,28.159,21.3157,0.254,347.98,296.138092,399.1102,1,0,0,0,0,0,,347.98,296.138092,399.1102,217
2018,8/6/2018,218,13.256,25.865,18.8844,0.508,348.488,296.307256,399.6182,1,0,0,0,0,0,,348.488,296.307256,399.6182,218
2018,8/7/2018,219,12.657,28.853,20.7044,0,348.488,296.307256,399.6182,1,0,0,0,0,0,,348.488,296.307256,399.6182,219
2018,8/8/2018,220,13.177,26.727,19.1186,0.254,348.742,296.391838,399.8722,1,0,0,0,0,0,,348.742,296.391838,399.8722,220
2018,8/9/2018,221,15.993,29.329,22.5119,0,348.742,296.391838,399.8722,1,0,0,0,0,0,,348.742,296.391838,399.8722,221
2018,8/10/2018,222,14.858,29.28,22.6678,0,348.742,296.391838,399.8722,1,0,0,0,0,0,,348.742,296.391838,399.8722,222
2018,8/11/2018,223,13.881,31.337,22.7432,0,348.742,296.391838,399.8722,1,0,0,0,0,0,,348.742,296.391838,399.8722,223
2018,8/12/2018,224,13.16,29.923,21.5217,0,348.742,296.391838,399.8722,1,0,0,0,0,0,,348.742,296.391838,399.8722,224
2018,8/13/2018,225,11.971,28.681,20.9912,0,348.742,296.391838,399.8722,1,0,0,0,0,0,,348.742,296.391838,399.8722,225
2018,8/14/2018,226,12.489,26.971,18.688,0.254,348.996,296.47642,400.1262,1,0,0,0,0,0,,348.996,296.47642,400.1262,226
2018,8/15/2018,227,14.476,29.476,21.9953,0,348.996,296.47642,400.1262,1,0,0,0,0,0,,348.996,296.47642,400.1262,227
2018,8/16/2018,228,15.506,29.927,22.3361,0,348.996,296.47642,400.1262,1,0,0,0,0,0,,348.996,296.47642,400.1262,228
2018,8/17/2018,229,14.489,28.569,21.2401,0,348.996,296.47642,400.1262,1,0,0,0,0,0,,348.996,296.47642,400.1262,229
2018,8/18/2018,230,10.653,25.236,18.4897,18.796,367.792,302.735488,418.9222,1,0,0,0,0,0,,367.792,302.735488,418.9222,230
2018,8/19/2018,231,10.553,20.599,15.3252,0,367.792,302.735488,418.9222,1,0,0,0,0,0,,367.792,302.735488,418.9222,231
2018,8/20/2018,232,9.1536,23.932,15.6968,0,367.792,302.735488,418.9222,1,0,0,0,0,0,,367.792,302.735488,418.9222,232
2018,8/21/2018,233,10.593,20.41,14.0564,0.254,368.046,302.82007,419.1762,1,0,0,0,0,0,,368.046,302.82007,419.1762,233
2018,8/22/2018,234,-16.52,24.86,17.5473,0,368.046,302.82007,432.5874,1,0,0,1,20.32,0,,368.046,302.82007,432.5874,234
2018,8/23/2018,235,14.09,28.11,21.8323,0,368.046,302.82007,432.5874,1,0,0,0,0,1,,368.046,302.82007,432.5874,235
2018,8/24/2018,236,16.31,29.82,23.2326,0,368.046,302.82007,432.5874,1,0,0,0,0,0,,368.046,302.82007,432.5874,236
2018,8/25/2018,237,17.53,31.49,24.1202,0,368.046,302.82007,432.5874,1,0,0,0,0,0,,368.046,302.82007,432.5874,237
2018,8/26/2018,238,18.56,32.32,25.1691,0,368.046,302.82007,432.5874,1,0,0,0,0,0,,368.046,302.82007,432.5874,238
2018,8/27/2018,239,15.37,31.35,23.6707,0,368.046,302.82007,432.5874,1,0,0,0,0,0,,368.046,302.82007,432.5874,239
2018,8/28/2018,240,9.66,21.11,15.4232,0,368.046,302.82007,432.5874,1,0,0,0,0,0,,368.046,302.82007,432.5874,240
2018,8/29/2018,241,9,29.89,19.8589,0,368.046,302.82007,432.5874,1,0,0,0,0,0,,368.046,302.82007,432.5874,241
2018,8/30/2018,242,19.21,31.49,24.7608,0,368.046,302.82007,432.5874,1,0,0,0,0,0,,368.046,302.82007,432.5874,242
2018,8/31/2018,243,16.18,29.46,22.707,1.016,369.062,303.158398,433.6034,1,0,0,0,0,0,,369.062,303.158398,433.6034,243
2018,9/1/2018,244,13.05,26.49,19.9561,0,369.062,303.158398,433.6034,1,0,0,0,0,0,,369.062,303.158398,433.6034,244
2018,9/2/2018,245,11,23.87,17.9862,0,369.062,303.158398,433.6034,1,0,0,0,0,0,,369.062,303.158398,433.6034,245
2018,9/3/2018,246,14.8,25.63,19.386,0,369.062,303.158398,433.6034,1,0,0,0,0,0,,369.062,303.158398,433.6034,246
2018,9/4/2018,247,12.06,25.07,19.132,8.64,377.702,306.035518,442.2434,1,0,0,0,0,0,,377.702,306.035518,442.2434,247
2018,9/5/2018,248,11.1,18.68,13.7434,36.07,413.772,318.046828,478.3134,1,0,0,0,0,0,,413.772,318.046828,478.3134,248
2018,9/6/2018,249,10.29,19.24,14.2746,1.016,414.788,318.385156,479.3294,1,0,0,0,0,0,,414.788,318.385156,479.3294,249
2018,9/7/2018,250,9.54,22.54,15.8956,0.254,415.042,318.469738,510.60076,1,0,0,1,46.996,0,,415.042,318.469738,510.60076,250
2018,9/8/2018,251,9.34,27.12,18.545,0,415.042,318.469738,510.60076,1,0,0,0,0,0,,415.042,318.469738,510.60076,251
2018,9/9/2018,252,13.34,28.2,21.1799,0.762,415.804,318.723484,511.36276,1,0,0,0,0,0,,415.804,318.723484,511.36276,252
2018,9/10/2018,253,13.94,30.11,21.7317,0,415.804,318.723484,511.36276,1,0,0,0,0,0,,415.804,318.723484,511.36276,253
2018,9/11/2018,254,16.52,29.58,23.3175,0,415.804,318.723484,511.36276,1,0,0,0,0,1,,415.804,318.723484,511.36276,254
2018,9/12/2018,255,16.02,31.11,25.0734,0,415.804,318.723484,511.36276,1,0,0,0,0,0,,415.804,318.723484,511.36276,255
2018,9/13/2018,256,17.23,31.38,25.5119,0,415.804,318.723484,511.36276,1,0,0,0,0,0,,415.804,318.723484,511.36276,256
2018,9/14/2018,257,16.69,30.57,24.4301,0,415.804,318.723484,511.36276,1,0,0,0,0,0,,415.804,318.723484,511.36276,257
2018,9/15/2018,258,14.39,31.1,23.0097,0,415.804,318.723484,511.36276,1,0,0,0,0,1,,415.804,318.723484,511.36276,258
2018,9/16/2018,259,14.71,31.59,24.3054,0,415.804,318.723484,511.36276,0,0,0,0,0,0,,415.804,318.723484,511.36276,259
2018,9/17/2018,260,17.95,31.21,24.362,0,415.804,318.723484,511.36276,0,0,0,0,0,0,,415.804,318.723484,511.36276,260
2018,9/18/2018,261,14.95,30.45,22.732,0,415.804,318.723484,511.36276,0,0,0,0,0,0,,415.804,318.723484,511.36276,261
2018,9/19/2018,262,14.3,25.64,19.9413,0,415.804,318.723484,511.36276,0,0,0,0,0,0,,415.804,318.723484,511.36276,262
2018,9/20/2018,263,10.91,26.19,18.384,0,415.804,318.723484,511.36276,0,0,0,0,0,0,,415.804,318.723484,511.36276,263
2018,9/21/2018,264,7.991,22.54,15.1084,0,415.804,318.723484,511.36276,0,0,0,0,0,0,,415.804,318.723484,511.36276,264
2018,9/22/2018,265,9.74,27.92,19.8466,0,415.804,318.723484,511.36276,0,0,0,0,0,0,,415.804,318.723484,511.36276,265
2018,9/23/2018,266,14.62,28.83,21.9497,0,415.804,318.723484,511.36276,0,0,0,0,0,0,,415.804,318.723484,511.36276,266
2018,9/24/2018,267,11.46,24.34,17.7146,0,415.804,318.723484,511.36276,0,0,0,0,0,0,,415.804,318.723484,511.36276,267
2018,9/25/2018,268,3.497,15.33,9.6343,0,415.804,318.723484,511.36276,0,0,0,0,0,0,,415.804,318.723484,511.36276,268
2018,9/26/2018,269,3.455,20.59,11.9579,0,415.804,318.723484,511.36276,0,0,0,0,0,0,,415.804,318.723484,511.36276,269
2018,9/27/2018,270,7.179,24,17.0162,0,415.804,318.723484,511.36276,0,0,0,0,0,0,,415.804,318.723484,511.36276,270
2018,9/28/2018,271,3.79,10.09,5.8365,0,415.804,318.723484,511.36276,0,0,0,0,0,0,,415.804,318.723484,511.36276,271
2018,9/29/2018,272,1.558,27.95,15.752,0,415.804,318.723484,511.36276,0,0,0,0,0,0,,415.804,318.723484,511.36276,272
2018,9/30/2018,273,4.064,12.91,7.2473,0,415.804,318.723484,511.36276,0,0,0,0,0,0,,415.804,318.723484,511.36276,273
2018,10/1/2018,274,4.381,19.79,11.9626,0,415.804,318.723484,511.36276,0,0,0,0,0,0,,415.804,318.723484,511.36276,274
2018,10/2/2018,275,12.46,24.76,18.7691,0,415.804,318.723484,511.36276,0,0,0,0,0,0,,415.804,318.723484,511.36276,275
2018,10/3/2018,276,7.996,27.05,18.7676,0.762,416.566,319.485484,512.12476,0,0,0,0,0,0,,416.566,319.485484,512.12476,276
2018,10/4/2018,277,6.055,15.89,9.5299,1.016,417.582,320.501484,513.14076,0,0,0,0,0,0,,417.582,320.501484,513.14076,277
2018,10/5/2018,278,2.961,20.27,10.7693,6.096,423.678,326.597484,519.23676,0,0,0,0,0,0,,423.678,326.597484,519.23676,278
2018,10/6/2018,279,1.29,10,5.6861,1.778,425.456,328.375484,521.01476,0,0,1,0,0,0,,425.456,328.375484,521.01476,279
2018,10/7/2018,280,2.137,5.927,3.9798,4.064,429.52,332.439484,525.07876,0,0,1,0,0,0,,429.52,332.439484,525.07876,280
2018,10/8/2018,281,1.092,3.528,1.807,5.842,435.362,338.281484,530.92076,0,0,1,0,0,0,,435.362,338.281484,530.92076,281
2018,10/9/2018,282,-0.706,1.793,0.7558,1.016,436.378,339.297484,531.93676,0,0,1,0,0,0,,436.378,339.297484,531.93676,282
2018,10/10/2018,283,-2.066,-0.472,-1.1106,1.27,437.648,340.567484,533.20676,0,0,1,0,0,0,,437.648,340.567484,533.20676,283
2018,10/11/2018,284,-0.71,3,0.8689,0,437.648,340.567484,533.20676,0,0,1,0,0,0,,437.648,340.567484,533.20676,284
2018,10/12/2018,285,-0.01,15.93,7.3878,0,437.648,340.567484,533.20676,0,0,1,0,0,0,,437.648,340.567484,533.20676,285
2018,10/13/2018,286,-4.654,16.85,8.4842,1.778,439.426,342.345484,534.98476,0,0,1,0,0,0,,439.426,342.345484,534.98476,286
2018,10/14/2018,287,-8.41,-4.669,-6.7313,9.65,449.076,351.995484,544.63476,0,0,1,0,0,0,,449.076,351.995484,544.63476,287
2018,10/15/2018,288,-8.89,6.739,-1.0911,0,449.076,351.995484,544.63476,0,0,1,0,0,0,,449.076,351.995484,544.63476,288
2018,10/16/2018,289,-0.118,11.05,5.4305,0,449.076,351.995484,544.63476,0,0,1,0,0,0,,449.076,351.995484,544.63476,289
2018,10/17/2018,290,0.937,14.74,7.3182,0,449.076,351.995484,544.63476,0,0,1,0,0,0,,449.076,351.995484,544.63476,290
2018,10/18/2018,291,1.151,17.66,10.022,0,449.076,351.995484,544.63476,0,0,1,0,0,0,,449.076,351.995484,544.63476,291
2018,10/19/2018,292,7.473,17.33,11.7945,0,449.076,351.995484,544.63476,0,0,1,0,0,0,,449.076,351.995484,544.63476,292
2018,10/20/2018,293,3.965,19.45,11.85,0,449.076,351.995484,544.63476,0,0,1,0,0,0,,449.076,351.995484,544.63476,293
2018,10/21/2018,294,8.24,21.64,15.001,0,449.076,351.995484,544.63476,0,0,1,0,0,0,,449.076,351.995484,544.63476,294
2018,10/22/2018,295,8.29,19.76,13.4145,0,449.076,351.995484,544.63476,0,0,1,0,0,0,,449.076,351.995484,544.63476,295
2018,10/23/2018,296,5.173,13.99,9.2873,0,449.076,351.995484,544.63476,0,0,1,0,0,0,,449.076,351.995484,544.63476,296
2018,10/24/2018,297,6.832,15.02,10.5997,0,449.076,351.995484,544.63476,0,0,1,0,0,0,,449.076,351.995484,544.63476,297
2018,10/25/2018,298,8.67,17.17,12.553,0,449.076,351.995484,544.63476,0,0,1,0,0,0,,449.076,351.995484,544.63476,298
2018,10/26/2018,299,8.63,17.94,13.4529,0,449.076,351.995484,544.63476,0,0,1,0,0,0,,449.076,351.995484,544.63476,299
2018,10/27/2018,300,4.636,20.88,14.6883,0,449.076,351.995484,544.63476,0,0,1,0,0,0,,449.076,351.995484,544.63476,300
2018,10/28/2018,301,2.962,22.54,13.9459,0,449.076,351.995484,544.63476,0,0,1,0,0,0,,449.076,351.995484,544.63476,301
2018,10/29/2018,302,4.916,24.74,16.468,0,449.076,351.995484,544.63476,0,0,0,0,0,0,,449.076,351.995484,544.63476,302
2018,10/30/2018,303,-0.605,4.906,1.6692,0.508,449.584,352.503484,545.14276,0,0,0,0,0,0,,449.584,352.503484,545.14276,303
2018,10/31/2018,304,-1.242,7.003,2.2737,8.13,457.714,360.633484,553.27276,0,0,0,0,0,0,,457.714,360.633484,553.27276,304
2018,11/1/2018,305,3.581,10.51,6.3307,0,457.714,360.633484,553.27276,0,0,0,0,0,0,,457.714,360.633484,553.27276,305
2018,11/2/2018,306,0.015,14.59,8.7363,0.254,457.968,360.887484,553.52676,0,0,0,0,0,0,,457.968,360.887484,553.52676,306
2018,11/3/2018,307,-0.592,9.58,4.8393,0,457.968,360.887484,553.52676,0,0,0,0,0,0,,457.968,360.887484,553.52676,307
2018,11/4/2018,308,-1.818,11.34,4.8052,0,457.968,360.887484,553.52676,0,0,0,0,0,0,,457.968,360.887484,553.52676,308
2018,11/5/2018,309,1.969,9.13,5.9983,0,457.968,360.887484,553.52676,0,0,0,0,0,0,,457.968,360.887484,553.52676,309
2018,11/6/2018,310,-1.824,7.341,3.4177,0,457.968,360.887484,553.52676,0,0,0,0,0,0,,457.968,360.887484,553.52676,310
2018,11/7/2018,311,-5.545,3.251,-1.9672,0,457.968,360.887484,553.52676,0,0,0,0,0,0,,457.968,360.887484,553.52676,311
2018,11/8/2018,312,-6.135,3.184,-1.7152,0,457.968,360.887484,553.52676,0,0,0,0,0,0,,457.968,360.887484,553.52676,312
2018,11/9/2018,313,-8.23,6.977,-0.6925,0,457.968,360.887484,553.52676,0,0,0,0,0,0,,457.968,360.887484,553.52676,313
2018,11/10/2018,314,-1.847,12.38,5.6221,0,457.968,360.887484,553.52676,0,0,0,0,0,0,,457.968,360.887484,553.52676,314
2018,11/11/2018,315,-7.517,-1.873,-5.5596,0,457.968,360.887484,553.52676,0,0,0,0,0,0,,457.968,360.887484,553.52676,315
2018,11/12/2018,316,-10.42,-3.903,-7.6729,0,457.968,360.887484,553.52676,0,0,0,0,0,0,,457.968,360.887484,553.52676,316
2018,11/13/2018,317,-7.534,7.753,1.3824,11.94,469.908,372.827484,565.46676,0,0,0,0,0,0,,469.908,372.827484,565.46676,317
2018,11/14/2018,318,0.497,14.34,8.3098,3.048,472.956,375.875484,568.51476,0,0,0,0,0,0,,472.956,375.875484,568.51476,318
2018,11/15/2018,319,3.009,15.27,9.3839,0,472.956,375.875484,568.51476,0,0,0,0,0,0,,472.956,375.875484,568.51476,319
2018,11/16/2018,320,1.86,15.53,9.5707,0,472.956,375.875484,568.51476,0,0,0,0,0,0,,472.956,375.875484,568.51476,320
2018,11/17/2018,321,-7.743,2.002,-3.9405,0,472.956,375.875484,568.51476,0,0,0,0,0,0,,472.956,375.875484,568.51476,321
2018,11/18/2018,322,-9.8,7.604,-0.7057,7.366,480.322,383.241484,575.88076,0,0,0,0,0,0,,480.322,383.241484,575.88076,322
2018,11/19/2018,323,-3.546,7.697,1.6896,0,480.322,383.241484,575.88076,0,0,0,0,0,0,,480.322,383.241484,575.88076,323
2018,11/20/2018,324,-2.767,12.48,4.3196,0,480.322,383.241484,575.88076,0,0,0,0,0,0,,480.322,383.241484,575.88076,324
2018,11/21/2018,325,0.731,15.12,8.5492,0,480.322,383.241484,575.88076,0,0,0,0,0,0,,480.322,383.241484,575.88076,325
2018,11/22/2018,326,4.911,14.38,9.4924,0,480.322,383.241484,575.88076,0,0,0,0,0,0,,480.322,383.241484,575.88076,326
2018,11/23/2018,327,2.301,8.02,5.7139,0,480.322,383.241484,575.88076,0,0,0,0,0,0,,480.322,383.241484,575.88076,327
2018,11/24/2018,328,-2.895,12.83,3.3249,0,480.322,383.241484,575.88076,0,0,0,0,0,0,,480.322,383.241484,575.88076,328
2018,11/25/2018,329,-6.903,4.326,-0.1841,0,480.322,383.241484,575.88076,0,0,0,0,0,0,,480.322,383.241484,575.88076,329
2018,11/26/2018,330,-6.821,8.64,3.5193,0,480.322,383.241484,575.88076,0,0,0,0,0,0,,480.322,383.241484,575.88076,330
2018,11/27/2018,331,2.398,11.79,9.412,0,480.322,383.241484,575.88076,0,0,0,0,0,0,,480.322,383.241484,575.88076,331
2018,11/28/2018,332,3.956,13.68,9.2753,0,480.322,383.241484,575.88076,0,0,0,0,0,0,,480.322,383.241484,575.88076,332
2018,11/29/2018,333,-0.321,6.419,2.6968,0,480.322,383.241484,575.88076,0,0,1,0,0,0,,480.322,383.241484,575.88076,333
2018,11/30/2018,334,-4.214,3.053,-1.0805,0,480.322,383.241484,575.88076,0,0,1,0,0,0,,480.322,383.241484,575.88076,334
2018,12/1/2018,335,-3.475,6.287,1.6411,0,480.322,383.241484,575.88076,0,0,1,0,0,0,,480.322,383.241484,575.88076,335
2018,12/2/2018,336,-7.022,0.791,-2.9452,0,480.322,383.241484,575.88076,0,0,1,0,0,0,,480.322,383.241484,575.88076,336
2018,12/3/2018,337,-8.22,-2.199,-4.7533,0.254,480.576,383.495484,576.13476,0,0,1,0,0,0,,480.576,383.495484,576.13476,337
2018,12/4/2018,338,-7.409,0.844,-2.9727,0,480.576,383.495484,576.13476,0,0,1,0,0,0,,480.576,383.495484,576.13476,338
2018,12/5/2018,339,-6.903,9.69,-0.3918,0,480.576,383.495484,576.13476,0,0,1,0,0,0,,480.576,383.495484,576.13476,339
2018,12/6/2018,340,-8.74,-5.639,-7.4477,0,480.576,383.495484,576.13476,0,0,1,0,0,0,,480.576,383.495484,576.13476,340
2018,12/7/2018,341,-8.41,4.309,-2.1362,0,480.576,383.495484,576.13476,0,0,1,0,0,0,,480.576,383.495484,576.13476,341
2018,12/8/2018,342,-5.899,7.078,-0.0341,0,480.576,383.495484,576.13476,0,0,1,0,0,0,,480.576,383.495484,576.13476,342
2018,12/9/2018,343,-4.463,5.242,0.4331,0,480.576,383.495484,576.13476,0,0,1,0,0,0,,480.576,383.495484,576.13476,343
2018,12/10/2018,344,-1.571,13.5,6.4101,0,480.576,383.495484,576.13476,0,0,1,0,0,0,,480.576,383.495484,576.13476,344
2018,12/11/2018,345,3.973,12.07,8.872,0,480.576,383.495484,576.13476,0,0,1,0,0,0,,480.576,383.495484,576.13476,345
2018,12/12/2018,346,-3.109,11.08,6.6832,0,480.576,383.495484,576.13476,0,0,1,0,0,0,,480.576,383.495484,576.13476,346
2018,12/13/2018,347,-7.391,5.308,-0.9173,0,480.576,383.495484,576.13476,0,0,1,0,0,0,,480.576,383.495484,576.13476,347
2018,12/14/2018,348,-2.718,11.01,4.1784,0,480.576,383.495484,576.13476,0,0,1,0,0,0,,480.576,383.495484,576.13476,348
2018,12/15/2018,349,-0.044,12.34,9.1503,0,480.576,383.495484,576.13476,0,0,1,0,0,0,,480.576,383.495484,576.13476,349
2018,12/16/2018,350,0.712,13.32,6.1582,0,480.576,383.495484,576.13476,0,0,1,0,0,0,,480.576,383.495484,576.13476,350
2018,12/17/2018,351,1.212,12.21,8.1174,0,480.576,383.495484,576.13476,0,0,1,0,0,0,,480.576,383.495484,576.13476,351
2018,12/18/2018,352,3.477,10.95,8.0292,0,480.576,383.495484,576.13476,0,0,1,0,0,0,,480.576,383.495484,576.13476,352
2018,12/19/2018,353,-2.333,8.55,4.1127,0,480.576,383.495484,576.13476,0,0,1,0,0,0,,480.576,383.495484,576.13476,353
2018,12/20/2018,354,-6.405,9.18,2.2345,0,480.576,383.495484,576.13476,0,0,1,0,0,0,,480.576,383.495484,576.13476,354
2018,12/21/2018,355,3.777,14.72,9.6955,0,480.576,383.495484,576.13476,0,0,1,0,0,0,,480.576,383.495484,576.13476,355
2018,12/22/2018,356,-7.06,6.788,-0.5984,0,480.576,383.495484,576.13476,0,0,1,0,0,0,,480.576,383.495484,576.13476,356
2018,12/23/2018,357,-5.656,10.05,4.1499,0,480.576,383.495484,576.13476,0,0,1,0,0,0,,480.576,383.495484,576.13476,357
2018,12/24/2018,358,-1.221,7.909,3.3625,0,480.576,383.495484,576.13476,0,0,1,0,0,0,,480.576,383.495484,576.13476,358
2018,12/25/2018,359,-4.186,3.886,-0.0064,0,480.576,383.495484,576.13476,0,0,1,0,0,0,,480.576,383.495484,576.13476,359
2018,12/26/2018,360,-7.6,1.683,-3.0322,0,480.576,383.495484,576.13476,0,0,1,0,0,0,,480.576,383.495484,576.13476,360
2018,12/27/2018,361,-8.59,-3.377,-6.5917,0,480.576,383.495484,576.13476,0,0,1,0,0,0,,480.576,383.495484,576.13476,361
2018,12/28/2018,362,-11.53,-7.41,-9.7694,0,480.576,383.495484,576.13476,0,0,1,0,0,0,,480.576,383.495484,576.13476,362
2018,12/29/2018,363,-14.68,2.771,-4.9264,0,480.576,383.495484,576.13476,0,0,1,0,0,0,,480.576,383.495484,576.13476,363
2018,12/30/2018,364,-1.755,9.67,4.5951,0,480.576,383.495484,576.13476,0,0,1,0,0,0,,480.576,383.495484,576.13476,364
2018,12/31/2018,365,-17.79,0.285,-10.5488,0,480.576,383.495484,576.13476,0,0,1,0,0,0,actual cow leave-date is uncertain; it was estimated cows would be out 'through december',480.576,383.495484,576.13476,365
2019,1/1/2019,1,-18.1,-6.992,-15.1502,0,0,0,0,0,0,0,0,0,0,,480.576,383.495484,576.13476,366
2019,1/2/2019,2,-11.53,2.914,-3.9216,2.54,2.54,2.54,2.54,0,0,0,0,0,0,,483.116,386.035484,578.67476,367
2019,1/3/2019,3,-4.68,11.35,5.0946,0.762,3.302,3.302,3.302,0,0,0,0,0,0,,483.878,386.797484,579.43676,368
2019,1/4/2019,4,3.692,16.24,9.7028,0,3.302,3.302,3.302,0,0,0,0,0,0,,483.878,386.797484,579.43676,369
2019,1/5/2019,5,2.274,14.02,8.8679,0,3.302,3.302,3.302,0,0,0,0,0,0,,483.878,386.797484,579.43676,370
2019,1/6/2019,6,0.407,12.46,6.1741,0,3.302,3.302,3.302,0,0,0,0,0,0,,483.878,386.797484,579.43676,371
2019,1/7/2019,7,-0.985,8.09,4.9187,0,3.302,3.302,3.302,0,0,0,0,0,0,,483.878,386.797484,579.43676,372
2019,1/8/2019,8,-5.001,6.186,0.115,0,3.302,3.302,3.302,0,0,0,0,0,0,,483.878,386.797484,579.43676,373
2019,1/9/2019,9,-3.1,10.86,2.2749,0,3.302,3.302,3.302,0,0,0,0,0,0,,483.878,386.797484,579.43676,374
2019,1/10/2019,10,4.902,11.37,8.1873,0,3.302,3.302,3.302,0,0,0,0,0,0,,483.878,386.797484,579.43676,375
2019,1/11/2019,11,-1.005,5.319,0.4143,0.254,3.556,3.556,3.556,0,0,0,0,0,0,,484.132,387.051484,579.69076,376
2019,1/12/2019,12,-5.277,0.418,-1.9245,0.508,4.064,4.064,4.064,0,0,0,0,0,0,,484.64,387.559484,580.19876,377
2019,1/13/2019,13,-7.893,0.508,-3.6479,1.778,5.842,5.842,5.842,0,0,0,0,0,0,,486.418,389.337484,581.97676,378
2019,1/14/2019,14,-5.917,4.335,-1.0797,2.54,8.382,8.382,8.382,0,0,0,0,0,0,,488.958,391.877484,584.51676,379
2019,1/15/2019,15,-3.651,7.451,2.067,10.67,19.052,19.052,19.052,0,0,0,0,0,0,,499.628,402.547484,595.18676,380
2019,1/16/2019,16,-1.31,8.4,4.3095,3.048,22.1,22.1,22.1,0,0,0,0,0,0,,502.676,405.595484,598.23476,381
2019,1/17/2019,17,2.715,10.8,6.5753,0,22.1,22.1,22.1,0,0,0,0,0,0,,502.676,405.595484,598.23476,382
2019,1/18/2019,18,-5.577,8.33,0.5993,3.556,25.656,25.656,25.656,0,0,0,0,0,0,,506.232,409.151484,601.79076,383
2019,1/19/2019,19,-2.851,8.14,3.5461,0,25.656,25.656,25.656,0,0,0,0,0,0,,506.232,409.151484,601.79076,384
2019,1/20/2019,20,2.84,11.61,7.5681,0,25.656,25.656,25.656,0,0,0,0,0,0,,506.232,409.151484,601.79076,385
2019,1/21/2019,21,-4.906,11.01,3.8118,1.27,26.926,26.926,26.926,0,0,0,0,0,0,,507.502,410.421484,603.06076,386
2019,1/22/2019,22,-8.05,-2.081,-4.5879,0.508,27.434,27.434,27.434,0,0,0,0,0,0,,508.01,410.929484,603.56876,387
2019,1/23/2019,23,-4.685,4.501,-0.3761,0,27.434,27.434,27.434,0,0,0,0,0,0,,508.01,410.929484,603.56876,388
2019,1/24/2019,24,-9.9,-3.29,-6.2372,2.032,29.466,29.466,29.466,0,0,0,0,0,0,,510.042,412.961484,605.60076,389
2019,1/25/2019,25,-8.24,3.019,-2.2718,0,29.466,29.466,29.466,0,0,0,0,0,0,,510.042,412.961484,605.60076,390
2019,1/26/2019,26,-1.347,5.245,2.3185,0,29.466,29.466,29.466,0,0,0,0,0,0,,510.042,412.961484,605.60076,391
2019,1/27/2019,27,-1.203,9.75,6.0762,0,29.466,29.466,29.466,0,0,0,0,0,0,,510.042,412.961484,605.60076,392
2019,1/28/2019,28,-11.05,-1.326,-5.8975,3.556,33.022,33.022,33.022,0,0,0,0,0,0,,513.598,416.517484,609.15676,393
2019,1/29/2019,29,-12.43,1.434,-5.3971,0,33.022,33.022,33.022,0,0,0,0,0,0,,513.598,416.517484,609.15676,394
2019,1/30/2019,30,-12.7,7.713,2.3381,0,33.022,33.022,33.022,0,0,0,0,0,0,,513.598,416.517484,609.15676,395
2019,1/31/2019,31,-0.897,9.61,4.2874,0,33.022,33.022,33.022,0,0,0,0,0,0,,513.598,416.517484,609.15676,396
2019,2/1/2019,32,-1.872,13.15,6.6305,0,33.022,33.022,33.022,0,0,0,0,0,0,,513.598,416.517484,609.15676,397
2019,2/2/2019,33,1.434,14.06,9.3921,0,33.022,33.022,33.022,0,0,0,0,0,0,,513.598,416.517484,609.15676,398
2019,2/3/2019,34,2.084,16.61,7.8509,0,33.022,33.022,33.022,0,0,0,0,0,0,,513.598,416.517484,609.15676,399
2019,2/4/2019,35,-6.346,11.09,3.227,0,33.022,33.022,33.022,0,0,0,0,0,0,,513.598,416.517484,609.15676,400
2019,2/5/2019,36,-9.32,7.758,-1.9276,0,33.022,33.022,33.022,0,0,0,0,0,0,,513.598,416.517484,609.15676,401
2019,2/6/2019,37,-19.1,3.285,-10.8203,4.064,37.086,37.086,37.086,0,0,0,0,0,0,,517.662,420.581484,613.22076,402
2019,2/7/2019,38,-24.33,-6.053,-15.0139,0.254,37.34,37.34,37.34,0,0,0,0,0,0,,517.916,420.835484,613.47476,403
2019,2/8/2019,39,-15.03,-2.947,-7.9447,0,37.34,37.34,37.34,0,0,0,0,0,0,,517.916,420.835484,613.47476,404
2019,2/9/2019,40,-7.694,2.67,-2.6532,0,37.34,37.34,37.34,0,0,0,0,0,0,,517.916,420.835484,613.47476,405
2019,2/10/2019,41,-10.33,-4.414,-6.9656,0,37.34,37.34,37.34,0,0,0,0,0,0,,517.916,420.835484,613.47476,406
2019,2/11/2019,42,-12,2.886,-3.78,0,37.34,37.34,37.34,0,0,0,0,0,0,,517.916,420.835484,613.47476,407
2019,2/12/2019,43,-3.832,7.288,2.5192,0,37.34,37.34,37.34,0,0,0,0,0,0,,517.916,420.835484,613.47476,408
2019,2/13/2019,44,-0.744,13.34,6.7423,0,37.34,37.34,37.34,0,0,0,0,0,0,,517.916,420.835484,613.47476,409
2019,2/14/2019,45,-4.232,12.66,5.1284,0,37.34,37.34,37.34,0,0,0,0,0,0,,517.916,420.835484,613.47476,410
2019,2/15/2019,46,-7.639,13.01,1.8796,0,37.34,37.34,37.34,0,0,0,0,0,0,,517.916,420.835484,613.47476,411
2019,2/16/2019,47,-5.307,5.035,-1.525,0,37.34,37.34,37.34,0,0,0,0,0,0,,517.916,420.835484,613.47476,412
2019,2/17/2019,48,-11.5,-0.597,-5.2293,0,37.34,37.34,37.34,0,0,0,0,0,0,,517.916,420.835484,613.47476,413
2019,2/18/2019,49,-15.34,-11,-12.7106,0,37.34,37.34,37.34,0,0,0,0,0,0,,517.916,420.835484,613.47476,414
2019,2/19/2019,50,-13.42,-8.68,-11.1589,0,37.34,37.34,37.34,0,0,0,0,0,0,,517.916,420.835484,613.47476,415
2019,2/20/2019,51,-12.55,0.418,-5.8042,0,37.34,37.34,37.34,0,0,0,0,0,0,,517.916,420.835484,613.47476,416
2019,2/21/2019,52,-10.91,-1.824,-6.5091,0,37.34,37.34,37.34,0,0,0,0,0,0,,517.916,420.835484,613.47476,417
2019,2/22/2019,53,-8.19,-5.32,-6.897,2.286,39.626,39.626,39.626,0,0,0,0,0,0,,520.202,423.121484,615.76076,418
2019,2/23/2019,54,-8.87,0.864,-3.4416,1.016,40.642,40.642,40.642,0,0,0,0,0,0,,521.218,424.137484,616.77676,419
2019,2/24/2019,55,-6.961,5.449,0.471,0,40.642,40.642,40.642,0,0,0,0,0,0,,521.218,424.137484,616.77676,420
2019,2/25/2019,56,-8.98,9.38,0.4821,0,40.642,40.642,40.642,0,0,0,0,0,0,,521.218,424.137484,616.77676,421
2019,2/26/2019,57,-8.14,15.82,4.4403,0,40.642,40.642,40.642,0,0,0,0,0,0,,521.218,424.137484,616.77676,422
2019,2/27/2019,58,-9.65,0.329,-5.3677,0,40.642,40.642,40.642,0,0,0,0,0,0,,521.218,424.137484,616.77676,423
2019,2/28/2019,59,-7.541,11.54,3.6813,0,40.642,40.642,40.642,0,0,0,0,0,0,,521.218,424.137484,616.77676,424
2019,3/1/2019,60,-3.149,9.93,3.3848,0,40.642,40.642,40.642,0,0,0,0,0,0,,521.218,424.137484,616.77676,425
2019,3/2/2019,61,-17.65,-3.111,-8.681,2.032,42.674,42.674,42.674,0,0,0,0,0,0,,523.25,426.169484,618.80876,426
2019,3/3/2019,62,-20.97,-15.7,-18.3708,4.064,46.738,46.738,46.738,0,0,0,0,0,0,,527.314,430.233484,622.87276,427
2019,3/4/2019,63,-20.14,-8.64,-14.4408,0,46.738,46.738,46.738,0,0,0,0,0,0,,527.314,430.233484,622.87276,428
2019,3/5/2019,64,-14.98,-3.598,-9.2014,0,46.738,46.738,46.738,0,0,0,0,0,0,,527.314,430.233484,622.87276,429
2019,3/6/2019,65,-9.39,2.058,-2.6102,3.302,50.04,50.04,50.04,0,0,0,0,0,0,,530.616,433.535484,626.17476,430
2019,3/7/2019,66,-4.422,10.71,4.8189,0,50.04,50.04,50.04,0,0,0,0,0,0,,530.616,433.535484,626.17476,431
2019,3/8/2019,67,-0.117,7.423,3.8209,1.27,51.31,51.31,51.31,0,0,0,0,0,0,,531.886,434.805484,627.44476,432
2019,3/9/2019,68,-2.97,6.967,2.6854,0,51.31,51.31,51.31,0,0,0,0,0,0,,531.886,434.805484,627.44476,433
2019,3/10/2019,69,-5.099,6.804,0.5501,0,51.31,51.31,51.31,0,0,0,0,0,0,,531.886,434.805484,627.44476,434
2019,3/11/2019,70,-1.829,10.13,3.3039,0,51.31,51.31,51.31,0,0,0,0,0,0,,531.886,434.805484,627.44476,435
2019,3/12/2019,71,-0.444,13.07,6.4591,0,51.31,51.31,51.31,0,0,0,0,0,0,,531.886,434.805484,627.44476,436
2019,3/13/2019,72,-3.738,5.495,-0.1596,23.88,75.19,75.19,75.19,0,0,0,0,0,0,,555.766,458.685484,651.32476,437
2019,3/14/2019,73,-6.527,-0.245,-3.3308,0,75.19,75.19,75.19,0,0,0,0,0,0,,555.766,458.685484,651.32476,438
2019,3/15/2019,74,-8.19,6.062,-1.1839,0,75.19,75.19,75.19,0,0,0,0,0,0,,555.766,458.685484,651.32476,439
2019,3/16/2019,75,-4.263,6.367,0.9592,0,75.19,75.19,75.19,0,0,0,0,0,0,,555.766,458.685484,651.32476,440
2019,3/17/2019,76,-2.773,8.59,2.9519,0,75.19,75.19,75.19,0,0,0,0,0,0,,555.766,458.685484,651.32476,441
2019,3/18/2019,77,-3.98,7.046,1.3913,0,75.19,75.19,75.19,0,0,0,0,0,0,,555.766,458.685484,651.32476,442
2019,3/19/2019,78,-3.846,5.966,1.6066,0,75.19,75.19,75.19,0,0,0,0,0,0,,555.766,458.685484,651.32476,443
2019,3/20/2019,79,-3.658,12.9,5.1004,0,75.19,75.19,75.19,0,0,0,0,0,0,,555.766,458.685484,651.32476,444
2019,3/21/2019,80,0.261,13.65,7.0166,0,75.19,75.19,75.19,0,0,0,0,0,0,,555.766,458.685484,651.32476,445
2019,3/22/2019,81,1.451,11.35,4.7951,0,75.19,75.19,75.19,0,0,0,0,0,0,,555.766,458.685484,651.32476,446
2019,3/23/2019,82,0.826,9.45,5.0797,0,75.19,75.19,75.19,0,0,0,0,0,0,,555.766,458.685484,651.32476,447
2019,3/24/2019,83,0.108,11.28,5.5845,0,75.19,75.19,75.19,0,0,0,0,0,0,,555.766,458.685484,651.32476,448
2019,3/25/2019,84,-0.844,12.71,5.3325,0,75.19,75.19,75.19,0,0,0,0,0,0,,555.766,458.685484,651.32476,449
2019,3/26/2019,85,1.139,18.58,10.251,0,75.19,75.19,75.19,0,0,0,0,0,0,,555.766,458.685484,651.32476,450
2019,3/27/2019,86,6.331,21.26,14.2609,0,75.19,75.19,75.19,0,0,0,0,0,0,,555.766,458.685484,651.32476,451
2019,3/28/2019,87,2.246,14.72,7.6525,0,75.19,75.19,75.19,0,0,0,0,0,0,,555.766,458.685484,651.32476,452
2019,3/29/2019,88,-2.099,2.943,1.0318,14.99,90.18,90.18,90.18,0,0,0,0,0,0,,570.756,473.675484,666.31476,453
2019,3/30/2019,89,-4.197,2.055,-1.2259,5.08,95.26,95.26,95.26,0,0,0,0,0,0,,575.836,478.755484,671.39476,454
2019,3/31/2019,90,-3.706,7.655,1.373,0,95.26,95.26,95.26,0,0,0,0,0,0,,575.836,478.755484,671.39476,455
2019,4/1/2019,91,-1.003,12.38,5.7893,0,95.26,95.26,95.26,0,0,0,0,0,0,,575.836,478.755484,671.39476,456
2019,4/2/2019,92,-0.776,9.44,4.0816,0,95.26,95.26,95.26,0,0,0,0,0,0,,575.836,478.755484,671.39476,457
2019,4/3/2019,93,0.781,14.34,6.6513,0,95.26,95.26,95.26,0,0,0,0,0,0,,575.836,478.755484,671.39476,458
2019,4/4/2019,94,2.062,16.6,9.8924,0,95.26,95.26,95.26,0,0,0,0,0,0,,575.836,478.755484,671.39476,459
2019,4/5/2019,95,6.324,19.28,12.892,0,95.26,95.26,95.26,0,0,0,0,0,0,,575.836,478.755484,671.39476,460
2019,4/6/2019,96,5.682,18.54,12.234,0,95.26,95.26,95.26,0,0,0,0,0,0,,575.836,478.755484,671.39476,461
2019,4/7/2019,97,8.43,18.74,13.5134,0,95.26,95.26,95.26,0,0,0,0,0,0,,575.836,478.755484,671.39476,462
2019,4/8/2019,98,11.5,20.84,15.9025,0,95.26,95.26,95.26,0,0,0,0,0,0,,575.836,478.755484,671.39476,463
2019,4/9/2019,99,8.93,22.79,16.5294,0,95.26,95.26,95.26,0,0,0,0,0,0,,575.836,478.755484,671.39476,464
2019,4/10/2019,100,-8.76,16.13,-0.2408,11.68,106.94,106.94,106.94,0,0,0,0,0,0,,587.516,490.435484,683.07476,465
2019,4/11/2019,101,-10.02,2.618,-3.2469,2.032,108.972,108.972,108.972,0,0,0,0,0,0,,589.548,492.467484,685.10676,466
2019,4/12/2019,102,-5.402,2.382,-2.1498,0,108.972,108.972,108.972,0,0,0,0,0,0,,589.548,492.467484,685.10676,467
2019,4/13/2019,103,-3.973,6.032,0.0507,1.778,110.75,110.75,110.75,0,0,0,0,0,0,,591.326,494.245484,686.88476,468
2019,4/14/2019,104,-1.029,15.93,9.7385,0,110.75,110.75,110.75,0,0,0,0,0,0,,591.326,494.245484,686.88476,469
2019,4/15/2019,105,5.623,20.54,13.2141,0,110.75,110.75,110.75,0,0,0,0,0,0,,591.326,494.245484,686.88476,470
2019,4/16/2019,106,4.338,14.87,10.2806,0,110.75,110.75,110.75,0,0,0,0,0,0,,591.326,494.245484,686.88476,471
2019,4/17/2019,107,3.955,15.66,9.6958,0,110.75,110.75,110.75,0,0,0,0,0,0,,591.326,494.245484,686.88476,472
2019,4/18/2019,108,0.852,13.98,6.9814,0,110.75,110.75,110.75,0,0,0,0,0,0,,591.326,494.245484,686.88476,473
2019,4/19/2019,109,2.183,20.73,12.7039,0,110.75,110.75,110.75,0,0,0,0,0,0,,591.326,494.245484,686.88476,474
2019,4/20/2019,110,10.1,25.05,17.5271,0,110.75,110.75,110.75,0,0,0,0,0,0,,591.326,494.245484,686.88476,475
2019,4/21/2019,111,5.59,17.69,11.3385,2.54,113.29,113.29,113.29,0,0,0,0,0,0,,593.866,496.785484,689.42476,476
2019,4/22/2019,112,2.771,5.58,3.8211,2.286,115.576,115.576,115.576,0,0,0,0,0,0,,596.152,499.071484,691.71076,477
2019,4/23/2019,113,3.956,15.68,9.1992,0,115.576,115.576,115.576,0,0,0,0,0,0,,596.152,499.071484,691.71076,478
2019,4/24/2019,114,8.21,19.73,14.5259,0,115.576,115.576,115.576,0,0,0,0,0,0,,596.152,499.071484,691.71076,479
2019,4/25/2019,115,2.441,15.42,9.7587,0,115.576,115.576,115.576,1,0,0,0,0,0,,596.152,499.071484,691.71076,480
2019,4/26/2019,116,4.448,22.65,12.6946,0.254,115.83,115.660582,115.83,1,0,0,0,0,0,,596.406,499.156066,691.96476,481
2019,4/27/2019,117,3.807,17.12,10.9921,0,115.83,115.660582,115.83,1,0,0,0,0,0,,596.406,499.156066,691.96476,482
2019,4/28/2019,118,3.168,22.09,12.5134,0,115.83,115.660582,115.83,1,0,0,0,0,0,,596.406,499.156066,691.96476,483
2019,4/29/2019,119,-3.034,3.173,-1.1283,7.112,122.942,118.028878,122.942,1,0,0,0,0,0,,603.518,501.524362,699.07676,484
2019,4/30/2019,120,-2.984,0.702,-0.9442,2.54,125.482,118.874698,125.482,1,0,0,0,0,0,,606.058,502.370182,701.61676,485
2019,5/1/2019,121,-0.321,5.056,1.7777,2.794,128.276,119.8051,128.276,1,0,0,0,0,0,,608.852,503.300584,704.41076,486
2019,5/2/2019,122,0.627,12.87,6.5732,0,128.276,119.8051,136.658,1,0,0,1,12.7,0,,608.852,503.300584,712.79276,487
2019,5/3/2019,123,2.504,17.12,11.4991,0,128.276,119.8051,136.658,1,0,0,0,0,0,,608.852,503.300584,712.79276,488
2019,5/4/2019,124,3.468,19.47,12.9047,0,128.276,119.8051,136.658,1,0,0,0,0,0,,608.852,503.300584,712.79276,489
2019,5/5/2019,125,7.971,21.07,15.2814,0,128.276,119.8051,136.658,1,0,0,0,0,0,,608.852,503.300584,712.79276,490
2019,5/6/2019,126,4.915,18.24,10.7852,5.334,133.61,121.581322,141.992,1,0,0,0,0,0,,614.186,505.076806,718.12676,491
2019,5/7/2019,127,5.269,8.67,6.5886,6.858,140.468,123.865036,148.85,1,0,0,0,0,0,,621.044,507.36052,724.98476,492
2019,5/8/2019,128,-0.825,7.017,2.8803,22.86,163.328,131.477416,171.71,1,0,0,0,0,0,,643.904,514.9729,747.84476,493
2019,5/9/2019,129,-2.08,1.332,-0.3795,8.64,171.968,134.354536,180.35,1,0,0,0,0,0,,652.544,517.85002,756.48476,494
2019,5/10/2019,130,-0.066,9.65,4.3351,0,171.968,134.354536,189.5075,1,0,0,1,13.875,0,"First of two additions for 5/6-5/9 event, estimated by depth from bin added (total precip is 43.692(",652.544,517.85002,765.64226,495
2019,5/11/2019,131,2.834,15.99,8.9299,0,171.968,134.354536,189.5075,1,0,0,0,0,0,,652.544,517.85002,765.64226,496
2019,5/12/2019,132,2.944,20.04,13.4588,0,171.968,134.354536,189.5075,1,0,0,0,0,0,,652.544,517.85002,765.64226,497
2019,5/13/2019,133,10.33,23.12,16.9297,0,171.968,134.354536,209.18672,1,0,0,1,29.817,0,"Second of two additions for 5/6-5/9 event, estimated by depth from bin added (total precip is 43.692(",652.544,517.85002,785.32148,498
2019,5/14/2019,134,10.84,24.67,17.9004,0.254,172.222,134.439118,209.44072,1,0,0,0,0,0,,652.798,517.934602,785.57548,499
2019,5/15/2019,135,10.38,25.74,18.5711,0.254,172.476,134.5237,209.69472,1,0,0,0,0,0,,653.052,518.019184,785.82948,500
2019,5/16/2019,136,13.47,24.81,18.4229,0,172.476,134.5237,209.69472,1,0,0,0,0,0,,653.052,518.019184,785.82948,501
2019,5/17/2019,137,4.503,18.43,11.4703,0.762,173.238,134.777446,210.45672,1,0,0,0,0,1,,653.814,518.27293,786.59148,502
2019,5/18/2019,138,3.996,14.9,9.1885,0.762,174,135.031192,211.21872,1,0,0,0,0,0,,654.576,518.526676,787.35348,503
2019,5/19/2019,139,0.841,7.267,4.0353,0,174,135.031192,211.21872,1,0,0,0,0,0,,654.576,518.526676,787.35348,504
2019,5/20/2019,140,-1.038,2.991,0.9117,18.8,192.8,141.291592,230.01872,1,0,0,0,0,0,,673.376,524.787076,806.15348,505
2019,5/21/2019,141,-1.501,2.293,0.1555,6.35,199.15,143.406142,236.36872,1,0,0,0,0,0,,679.726,526.901626,812.50348,506
2019,5/22/2019,142,-0.678,5.986,3.0289,3.556,202.706,144.59029,239.92472,1,0,0,0,0,0,,683.282,528.085774,816.05948,507
2019,5/23/2019,143,1.127,5.57,3.0579,2.032,204.738,145.266946,241.95672,1,0,0,0,0,1,,685.314,528.76243,818.09148,508
2019,5/24/2019,144,2.023,18.9,12.0887,0,204.738,145.266946,250.12356,1,0,0,1,12.374,0,"First of two additions for 5/14-5/23 event, estimated by depth from bin added (total precip is 32.77)",685.314,528.76243,826.25832,509
2019,5/25/2019,145,5.258,21.59,14.4887,0,204.738,145.266946,250.12356,1,0,0,0,0,0,,685.314,528.76243,826.25832,510
2019,5/26/2019,146,7.783,18.42,13.2647,0,204.738,145.266946,263.58492,1,0,0,1,20.396,0,"Second of two additions for 5/14-5/23 event, estimated by depth from bin added (total precip is 32.77)",685.314,528.76243,839.71968,511
2019,5/27/2019,147,5.908,16.87,10.8269,0,204.738,145.266946,263.58492,1,0,0,0,0,0,,685.314,528.76243,839.71968,512
2019,5/28/2019,148,2.714,11.67,7.0415,18.29,223.028,151.357516,281.87492,1,0,0,0,0,0,,703.604,534.853,858.00968,513
2019,5/29/2019,149,2.652,13.49,7.7797,0,223.028,151.357516,293.94632,1,0,0,1,18.29,1,,703.604,534.853,870.08108,514
2019,5/30/2019,150,4.533,17.84,12.0488,0,223.028,151.357516,293.94632,1,0,0,0,0,0,,703.604,534.853,870.08108,515
2019,5/31/2019,151,7.495,22.54,14.9108,0,223.028,151.357516,293.94632,1,0,0,0,0,0,,703.604,534.853,870.08108,516
2019,6/1/2019,152,8.55,20.74,14.8861,0,223.028,151.357516,293.94632,1,0,0,0,0,0,,703.604,534.853,870.08108,517
2019,6/2/2019,153,9.52,23.02,16.173,1.27,224.298,151.780426,295.21632,1,0,0,0,0,0,,704.874,535.27591,871.35108,518
2019,6/3/2019,154,10.53,23.18,16.3291,0,224.298,151.780426,295.21632,1,0,0,0,0,0,,704.874,535.27591,871.35108,519
2019,6/4/2019,155,10.44,24.53,17.7837,0.254,224.552,151.865008,295.47032,1,0,0,0,0,1,,705.128,535.360492,871.60508,520
2019,6/5/2019,156,9.57,23.53,16.3525,8.89,233.442,154.825378,304.36032,1,0,0,0,0,0,,714.018,538.320862,880.49508,521
2019,6/6/2019,157,10.92,25.22,18.4414,2.286,235.728,155.586616,313.51956,1,0,0,1,10.414,0,,716.304,539.0821,889.65432,522
2019,6/7/2019,158,13.1,26.45,19.1749,0.508,236.236,155.75578,314.02756,1,0,0,0,0,0,,716.812,539.251264,890.16232,523
2019,6/8/2019,159,7.458,24.21,17.5192,0,236.236,155.75578,314.02756,1,0,0,0,0,0,,716.812,539.251264,890.16232,524
2019,6/9/2019,160,4.344,14.67,9.2586,0,236.236,155.75578,314.02756,1,0,0,0,0,0,,716.812,539.251264,890.16232,525
2019,6/10/2019,161,5.565,23.25,15.2477,0,236.236,155.75578,314.02756,1,0,0,0,0,1,,716.812,539.251264,890.16232,526
2019,6/11/2019,162,12.28,23.12,17.4162,0,236.236,155.75578,314.02756,0,1,0,0,0,0,,716.812,539.251264,890.16232,527
2019,6/12/2019,163,10.64,21.44,15.4154,0,236.236,155.75578,314.02756,0,1,0,0,0,0,,716.812,539.251264,890.16232,528
2019,6/13/2019,164,10.23,26.85,19.6714,0.762,236.998,156.51778,314.78956,0,1,0,0,0,0,,717.574,540.013264,890.92432,529
2019,6/14/2019,165,14.53,26.11,20.3464,1.27,238.268,157.78778,316.05956,0,1,0,0,0,0,,718.844,541.283264,892.19432,530
2019,6/15/2019,166,12.17,23.17,17.6918,0,238.268,157.78778,316.05956,0,1,0,0,0,0,,718.844,541.283264,892.19432,531
2019,6/16/2019,167,10.34,22.04,15.5776,3.048,241.316,160.83578,319.10756,0,1,0,0,0,0,,721.892,544.331264,895.24232,532
2019,6/17/2019,168,9.83,18.75,13.8896,3.81,245.126,164.64578,322.91756,0,1,0,0,0,0,,725.702,548.141264,899.05232,533
2019,6/18/2019,169,10.67,19.86,13.9008,0.762,245.888,165.40778,323.67956,0,1,0,0,0,0,,726.464,548.903264,899.81432,534
2019,6/19/2019,170,10.87,24.84,19.6812,0,245.888,165.40778,323.67956,0,1,0,0,0,0,,726.464,548.903264,899.81432,535
2019,6/20/2019,171,11.26,27.11,19.2865,0,245.888,165.40778,323.67956,0,1,0,0,0,0,,726.464,548.903264,899.81432,536
2019,6/21/2019,172,7.822,18.78,11.5697,11.68,257.568,177.08778,335.35956,0,1,0,0,0,0,,738.144,560.583264,911.49432,537
2019,6/22/2019,173,5.623,12.82,9.1335,14.73,272.298,191.81778,350.08956,0,1,0,0,0,0,,752.874,575.313264,926.22432,538
2019,6/23/2019,174,5.768,16.16,10.9882,0,272.298,191.81778,350.08956,0,1,0,0,0,0,,752.874,575.313264,926.22432,539
2019,6/24/2019,175,10.9,24.17,18.5487,0,272.298,191.81778,350.08956,0,1,0,0,0,0,,752.874,575.313264,926.22432,540
2019,6/25/2019,176,12.14,25.64,19.0036,0,272.298,191.81778,350.08956,0,1,0,0,0,0,,752.874,575.313264,926.22432,541
2019,6/26/2019,177,12.6,28.43,20.9177,0,272.298,191.81778,350.08956,0,1,0,0,0,0,,752.874,575.313264,926.22432,542
2019,6/27/2019,178,14.97,29.29,23.3509,0,272.298,191.81778,350.08956,0,1,0,0,0,0,,752.874,575.313264,926.22432,543
2019,6/28/2019,179,14.47,31.92,24.6799,0,272.298,191.81778,350.08956,0,1,0,0,0,1,,752.874,575.313264,926.22432,544
2019,6/29/2019,180,19.65,31.54,24.8679,0,272.298,191.81778,350.08956,0,1,0,0,0,0,,752.874,575.313264,926.22432,545
2019,6/30/2019,181,15.07,29.57,21.397,6.604,278.902,198.42178,356.69356,0,1,0,0,0,0,,759.478,581.917264,932.82832,546
2019,7/1/2019,182,14.04,26.06,19.4093,23.37,302.272,206.20399,380.06356,1,0,0,0,0,0,,782.848,589.699474,956.19832,547
2019,7/2/2019,183,12.06,26.56,19.2924,0.254,302.526,206.288572,380.31756,1,0,0,0,0,0,,783.102,589.784056,956.45232,548
2019,7/3/2019,184,15.13,29.56,22.4446,0,302.526,206.288572,400.26804,1,0,0,1,30.228,0,,783.102,589.784056,976.4028,549
2019,7/4/2019,185,13.71,26.09,19.5011,2.54,305.066,207.134392,402.80804,1,0,0,0,0,0,,785.642,590.629876,978.9428,550
2019,7/5/2019,186,13.22,24.56,18.3341,6.096,311.162,209.16436,408.90404,1,0,0,0,0,0,,791.738,592.659844,985.0388,551
2019,7/6/2019,187,12.33,23.3,18.055,0,311.162,209.16436,408.90404,1,0,0,0,0,0,,791.738,592.659844,985.0388,552
2019,7/7/2019,188,12.52,27.24,19.4493,0.254,311.416,209.248942,409.15804,1,0,0,0,0,0,,791.992,592.744426,985.2928,553
2019,7/8/2019,189,12.62,25.59,19.833,0,311.416,209.248942,409.15804,1,0,0,0,0,0,,791.992,592.744426,985.2928,554
2019,7/9/2019,190,13.36,29.39,22.0694,0,311.416,209.248942,415.02544,1,0,0,1,8.89,1,,791.992,592.744426,991.1602,555
2019,7/10/2019,191,11.35,26.45,19.5596,0,311.416,209.248942,415.02544,1,0,0,0,0,0,,791.992,592.744426,991.1602,556
2019,7/11/2019,192,14.96,31.9,24.3662,1.27,312.686,209.671852,416.29544,1,0,0,0,0,0,,793.262,593.167336,992.4302,557
2019,7/12/2019,193,17.32,29.93,23.6467,0,312.686,209.671852,416.29544,1,0,0,0,0,0,,793.262,593.167336,992.4302,558
2019,7/13/2019,194,15.24,30.65,22.5215,0.508,313.194,209.841016,416.80344,1,0,0,0,0,0,,793.77,593.3365,992.9382,559
2019,7/14/2019,195,18.21,29.45,23.0394,1.016,314.21,210.179344,417.81944,1,0,0,0,0,0,,794.786,593.674828,993.9542,560
2019,7/15/2019,196,15.19,31.3,22.1386,1.016,315.226,210.517672,418.83544,1,0,0,0,0,0,,795.802,594.013156,994.9702,561
2019,7/16/2019,197,14.3,31.08,22.982,0.762,315.988,210.771418,419.59744,1,0,0,0,0,1,,796.564,594.266902,995.7322,562
2019,7/17/2019,198,19.14,32.98,27.0766,0,315.988,210.771418,419.59744,1,0,0,0,0,0,,796.564,594.266902,995.7322,563
2019,7/18/2019,199,16.34,34.37,28.0279,0,315.988,210.771418,419.59744,1,0,0,0,0,0,,796.564,594.266902,995.7322,564
2019,7/19/2019,200,19.78,34.66,28.6795,0,315.988,210.771418,419.59744,1,0,0,0,0,0,,796.564,594.266902,995.7322,565
2019,7/20/2019,201,13.78,28.65,22.3007,15.24,331.228,215.846338,434.83744,1,0,0,0,0,0,,811.804,599.341822,1010.9722,566
2019,7/21/2019,202,13.55,25.94,19.3486,11.94,343.168,219.822358,446.77744,1,0,0,0,0,0,,823.744,603.317842,1022.9122,567
2019,7/22/2019,203,14.93,25.57,18.911,0,343.168,219.822358,446.77744,1,0,0,0,0,0,,823.744,603.317842,1022.9122,568
2019,7/23/2019,204,12.88,28.3,21.4198,0,343.168,219.822358,464.71624,1,0,0,1,27.18,0,,823.744,603.317842,1040.851,569
2019,7/24/2019,205,16.94,33.51,23.9894,0,343.168,219.822358,464.71624,1,0,0,0,0,0,,823.744,603.317842,1040.851,570
2019,7/25/2019,206,17,29.4,22.8404,2.286,345.454,220.583596,467.00224,1,0,0,0,0,0,,826.03,604.07908,1043.137,571
2019,7/26/2019,207,17.2,32,24.1534,0,345.454,220.583596,467.00224,1,0,0,0,0,1,,826.03,604.07908,1043.137,572
2019,7/27/2019,208,16.99,28.04,22.3577,0,345.454,220.583596,467.00224,1,0,0,0,0,0,,826.03,604.07908,1043.137,573
2019,7/28/2019,209,18.21,29.74,23.9954,0,345.454,220.583596,467.00224,1,0,0,0,0,0,,826.03,604.07908,1043.137,574
2019,7/29/2019,210,13.83,32.02,22.6519,0,345.454,220.583596,467.00224,1,0,0,0,0,0,,826.03,604.07908,1043.137,575
2019,7/30/2019,211,14.02,30.84,22.6368,0.762,346.216,220.837342,467.76424,1,0,0,0,0,0,,826.792,604.332826,1043.899,576
2019,7/31/2019,212,16.33,28.75,24.185,0.762,346.978,221.091088,468.52624,1,0,0,0,0,0,,827.554,604.586572,1044.661,577
2019,8/1/2019,213,15.7,25.49,19.9157,5.588,352.566,222.951892,474.11424,1,0,0,0,0,0,,833.142,606.447376,1050.249,578
2019,8/2/2019,214,12.91,28.25,21.4238,0,352.566,222.951892,474.11424,1,0,0,0,0,0,,833.142,606.447376,1050.249,579
2019,8/3/2019,215,15.51,31.94,24.5572,0,352.566,222.951892,474.11424,1,0,0,0,0,0,,833.142,606.447376,1050.249,580
2019,8/4/2019,216,17.78,29.33,24.1715,0,352.566,222.951892,474.11424,1,0,0,0,0,0,,833.142,606.447376,1050.249,581
2019,8/5/2019,217,15.99,29.91,22.7304,0,352.566,222.951892,474.11424,1,0,0,0,0,0,,833.142,606.447376,1050.249,582
2019,8/6/2019,218,14.18,33.25,24.6341,0,352.566,222.951892,480.31692,1,0,0,1,9.398,0,,833.142,606.447376,1056.45168,583
2019,8/7/2019,219,16.01,28.72,22.579,0,352.566,222.951892,480.31692,1,0,0,0,0,0,,833.142,606.447376,1056.45168,584
2019,8/8/2019,220,14.62,24.39,19.1557,1.27,353.836,223.374802,481.58692,1,0,0,0,0,0,,834.412,606.870286,1057.72168,585
2019,8/9/2019,221,15.53,32.9,23.9161,0,353.836,223.374802,481.58692,1,0,0,0,0,0,,834.412,606.870286,1057.72168,586
2019,8/10/2019,222,17.93,27.56,22.9618,0,353.836,223.374802,481.58692,1,0,0,0,0,0,,834.412,606.870286,1057.72168,587
2019,8/11/2019,223,15.62,25.59,20.7186,0,353.836,223.374802,481.58692,1,0,0,0,0,0,,834.412,606.870286,1057.72168,588
2019,8/12/2019,224,17.29,30.34,23.7853,0,353.836,223.374802,481.58692,1,0,0,0,0,1,,834.412,606.870286,1057.72168,589
2019,8/13/2019,225,13.42,29.16,21.9587,0,353.836,223.374802,481.58692,1,0,0,0,0,0,,834.412,606.870286,1057.72168,590
2019,8/14/2019,226,12.71,30.04,21.2023,0,353.836,223.374802,481.58692,1,0,0,0,0,0,,834.412,606.870286,1057.72168,591
2019,8/15/2019,227,14.41,32.54,25.1756,0,353.836,223.374802,481.58692,1,0,0,0,0,0,,834.412,606.870286,1057.72168,592
2019,8/16/2019,228,13.46,30.76,21.6396,0,353.836,223.374802,481.58692,1,0,0,0,0,0,,834.412,606.870286,1057.72168,593
2019,8/17/2019,229,17.4,30.82,23.9121,0,353.836,223.374802,481.58692,1,0,0,0,0,0,,834.412,606.870286,1057.72168,594
2019,8/18/2019,230,11.93,30.46,21.0979,0,353.836,223.374802,481.58692,1,0,0,0,0,0,,834.412,606.870286,1057.72168,595
2019,8/19/2019,231,18.53,33.81,26.7508,0,353.836,223.374802,481.58692,1,0,0,0,0,0,,834.412,606.870286,1057.72168,596
2019,8/20/2019,232,17.62,34.22,25.514,0,353.836,223.374802,481.58692,1,0,0,0,0,0,,834.412,606.870286,1057.72168,597
2019,8/21/2019,233,15.14,24.68,19.3505,4.826,358.662,224.98186,486.41292,1,0,0,0,0,0,,839.238,608.477344,1062.54768,598
2019,8/22/2019,234,12.22,29.95,20.4819,0.254,358.916,225.066442,486.66692,1,0,0,0,0,0,,839.492,608.561926,1062.80168,599
2019,8/23/2019,235,15.09,29.89,21.8985,0,358.916,225.066442,486.66692,1,0,0,0,0,0,,839.492,608.561926,1062.80168,600
2019,8/24/2019,236,9.81,28.53,20.1873,0,358.916,225.066442,486.66692,1,0,0,0,0,0,,839.492,608.561926,1062.80168,601
2019,8/25/2019,237,18.24,33.29,27.8556,0,358.916,225.066442,486.66692,1,0,0,0,0,0,,839.492,608.561926,1062.80168,602
2019,8/26/2019,238,12.28,26.26,18.6276,0,358.916,225.066442,486.66692,1,0,0,0,0,0,,839.492,608.561926,1062.80168,603
2019,8/27/2019,239,10.99,22.09,16.0553,0,358.916,225.066442,486.66692,1,0,0,0,0,0,,839.492,608.561926,1062.80168,604
2019,8/28/2019,240,10.44,32.12,22.194,0,358.916,225.066442,486.66692,1,0,0,0,0,0,,839.492,608.561926,1062.80168,605
2019,8/29/2019,241,15.19,29.12,23.6735,0,358.916,225.066442,486.66692,1,0,0,0,0,0,,839.492,608.561926,1062.80168,606
2019,8/30/2019,242,11.58,28.09,19.3536,0,358.916,225.066442,486.66692,1,0,0,0,0,0,,839.492,608.561926,1062.80168,607
2019,8/31/2019,243,11.94,30,21.4886,0,358.916,225.066442,486.66692,1,0,0,0,0,0,,839.492,608.561926,1062.80168,608
2019,9/1/2019,244,16.14,33.39,25.4277,0,358.916,225.066442,486.66692,1,0,0,0,0,0,,839.492,608.561926,1062.80168,609
2019,9/2/2019,245,19.58,36.5,27.8709,0,358.916,225.066442,486.66692,1,0,0,0,0,0,,839.492,608.561926,1062.80168,610
2019,9/3/2019,246,17.07,26.06,22.5625,0,358.916,225.066442,486.66692,1,0,0,0,0,0,,839.492,608.561926,1062.80168,611
2019,9/4/2019,247,14.16,30.31,22.0148,0.508,359.424,225.235606,487.17492,1,0,0,0,0,0,,840,608.73109,1063.30968,612
2019,9/5/2019,248,19.87,33.6,26.2485,0,359.424,225.235606,487.17492,1,0,0,0,0,0,,840,608.73109,1063.30968,613
2019,9/6/2019,249,15.11,26.09,19.6205,7.874,367.298,227.857648,495.04892,1,0,0,0,0,0,,847.874,611.353132,1071.18368,614
2019,9/7/2019,250,15.6,29.08,22.6322,0,367.298,227.857648,495.04892,1,0,0,0,0,0,,847.874,611.353132,1071.18368,615
2019,9/8/2019,251,10.58,22.31,14.9153,4.064,371.362,229.21096,499.11292,1,0,0,0,0,0,,851.938,612.706444,1075.24768,616
2019,9/9/2019,252,9.29,26.67,18.1467,0,371.362,229.21096,511.51828,1,0,0,1,18.796,1,,851.938,612.706444,1087.65304,617
2019,9/10/2019,253,13.02,26.56,19.6811,0,371.362,229.21096,511.51828,1,0,0,0,0,0,,851.938,612.706444,1087.65304,618
2019,9/11/2019,254,12.01,22.61,16.7323,0,371.362,229.21096,511.51828,1,0,0,0,0,0,,851.938,612.706444,1087.65304,619
2019,9/12/2019,255,10.9,22.53,16.2213,0,371.362,229.21096,511.51828,1,0,0,0,0,0,,851.938,612.706444,1087.65304,620
2019,9/13/2019,256,9.73,24.49,16.552,0,371.362,229.21096,511.51828,0,0,1,0,0,0,,851.938,612.706444,1087.65304,621
2019,9/14/2019,257,12.17,29.52,21.6861,0,371.362,229.21096,511.51828,0,0,1,0,0,0,,851.938,612.706444,1087.65304,622
2019,9/15/2019,258,13.09,28.4,21.4505,0,371.362,229.21096,511.51828,0,0,1,0,0,0,,851.938,612.706444,1087.65304,623
2019,9/16/2019,259,15.82,29.46,22.414,0,371.362,229.21096,511.51828,0,0,1,0,0,0,,851.938,612.706444,1087.65304,624
2019,9/17/2019,260,14.96,29.7,23.0132,0,371.362,229.21096,511.51828,0,0,1,0,0,0,,851.938,612.706444,1087.65304,625
2019,9/18/2019,261,10.82,23.75,17.1668,0,371.362,229.21096,511.51828,0,0,1,0,0,1,,851.938,612.706444,1087.65304,626
2019,9/19/2019,262,9.2,27.06,18.9367,0,371.362,229.21096,511.51828,0,0,1,0,0,0,,851.938,612.706444,1087.65304,627
2019,9/20/2019,263,13,29.99,21.0837,0,371.362,229.21096,511.51828,0,0,1,0,0,0,,851.938,612.706444,1087.65304,628
2019,9/21/2019,264,7.329,22.74,15.6591,0,371.362,229.21096,511.51828,0,0,1,0,0,0,,851.938,612.706444,1087.65304,629
2019,9/22/2019,265,5.488,22.18,13.907,0,371.362,229.21096,511.51828,0,0,1,0,0,0,,851.938,612.706444,1087.65304,630
2019,9/23/2019,266,9.46,24.81,17.4363,0,371.362,229.21096,511.51828,0,0,1,0,0,0,,851.938,612.706444,1087.65304,631
2019,9/24/2019,267,14.46,27.81,21.7891,0,371.362,229.21096,511.51828,0,0,1,0,0,0,,851.938,612.706444,1087.65304,632
2019,9/25/2019,268,10.68,25.71,17.9982,0,371.362,229.21096,511.51828,0,0,1,0,0,0,,851.938,612.706444,1087.65304,633
2019,9/26/2019,269,4.586,29.84,17.9193,0,371.362,229.21096,511.51828,0,0,1,0,0,0,,851.938,612.706444,1087.65304,634
2019,9/27/2019,270,7.454,21.82,14.04,0.508,371.87,229.71896,512.02628,0,0,1,0,0,0,,852.446,613.214444,1088.16104,635
2019,9/28/2019,271,7.012,19.77,12.3624,0,371.87,229.71896,512.02628,0,0,1,0,0,0,,852.446,613.214444,1088.16104,636
2019,9/29/2019,272,6.526,29.84,18.7692,0,371.87,229.71896,512.02628,0,0,1,0,0,0,,852.446,613.214444,1088.16104,637
2019,9/30/2019,273,8.28,18.92,13.4996,0,371.87,229.71896,512.02628,0,0,1,0,0,0,,852.446,613.214444,1088.16104,638
2019,10/1/2019,274,4.79,8.8,7.4524,5.08,376.95,234.79896,517.10628,0,0,1,0,0,0,,857.526,618.294444,1093.24104,639
2019,10/2/2019,275,3.913,15.37,7.9048,1.016,377.966,235.81496,518.12228,0,0,1,0,0,0,,858.542,619.310444,1094.25704,640
2019,10/3/2019,276,5.098,15.75,9.7519,0,377.966,235.81496,518.12228,0,0,1,0,0,0,,858.542,619.310444,1094.25704,641
2019,10/4/2019,277,3.839,23.29,13.2094,0,377.966,235.81496,518.12228,0,0,1,0,0,0,,858.542,619.310444,1094.25704,642
2019,10/5/2019,278,6.286,17.63,11.3605,0,377.966,235.81496,518.12228,0,0,1,0,0,0,,858.542,619.310444,1094.25704,643
2019,10/6/2019,279,3.933,14.88,8.7265,0,377.966,235.81496,518.12228,0,0,1,0,0,0,,858.542,619.310444,1094.25704,644
2019,10/7/2019,280,2.835,22.46,12.6713,0,377.966,235.81496,518.12228,0,0,1,0,0,0,,858.542,619.310444,1094.25704,645
2019,10/8/2019,281,10.53,25.97,18.0058,0,377.966,235.81496,518.12228,0,0,1,0,0,0,,858.542,619.310444,1094.25704,646
2019,10/9/2019,282,-3.125,25.89,12.813,0,377.966,235.81496,518.12228,0,0,1,0,0,0,,858.542,619.310444,1094.25704,647
2019,10/10/2019,283,-9.2,-3.15,-6.5138,5.842,383.808,241.65696,523.96428,0,0,1,0,0,0,,864.384,625.152444,1100.09904,648
2019,10/11/2019,284,-9.35,10.13,1.9148,0,383.808,241.65696,523.96428,0,0,1,0,0,0,,864.384,625.152444,1100.09904,649
2019,10/12/2019,285,1.069,17.44,10.7634,0,383.808,241.65696,523.96428,0,0,1,0,0,0,,864.384,625.152444,1100.09904,650
2019,10/13/2019,286,4.804,20.7,12.5419,0,383.808,241.65696,523.96428,0,0,1,0,0,0,,864.384,625.152444,1100.09904,651
2019,10/14/2019,287,8.75,22.22,16.144,0,383.808,241.65696,523.96428,0,0,1,0,0,0,,864.384,625.152444,1100.09904,652
2019,10/15/2019,288,0.508,13.76,7.2516,0,383.808,241.65696,523.96428,0,0,0,0,0,0,,864.384,625.152444,1100.09904,653
2019,10/16/2019,289,3.111,24.34,14.6746,0,383.808,241.65696,523.96428,0,0,0,0,0,0,,864.384,625.152444,1100.09904,654
2019,10/17/2019,290,13.44,23.54,18.3246,0,383.808,241.65696,523.96428,0,0,0,0,0,0,,864.384,625.152444,1100.09904,655
2019,10/18/2019,291,7.049,18.31,12.2522,0,383.808,241.65696,523.96428,0,0,0,0,0,0,,864.384,625.152444,1100.09904,656
2019,10/19/2019,292,5.02,15.62,9.61,0,383.808,241.65696,523.96428,0,0,0,0,0,0,,864.384,625.152444,1100.09904,657
2019,10/20/2019,293,0.911,11.05,4.0793,0,383.808,241.65696,523.96428,0,0,0,0,0,0,,864.384,625.152444,1100.09904,658
2019,10/21/2019,294,0.398,9.18,4.5957,0,383.808,241.65696,523.96428,0,0,0,0,0,0,,864.384,625.152444,1100.09904,659
2019,10/22/2019,295,3.585,14.37,9.2976,0,383.808,241.65696,523.96428,0,0,0,0,0,0,,864.384,625.152444,1100.09904,660
2019,10/23/2019,296,1.138,11.56,7.8826,12.7,396.508,254.35696,536.66428,0,0,0,0,0,0,,877.084,637.852444,1112.79904,661
2019,10/24/2019,297,-3.295,1.785,-0.4166,3.556,400.064,257.91296,540.22028,0,0,0,0,0,0,,880.64,641.408444,1116.35504,662
2019,10/25/2019,298,-2.43,12.6,6.5325,0,400.064,257.91296,540.22028,0,0,0,0,0,0,,880.64,641.408444,1116.35504,663
2019,10/26/2019,299,-2.315,20.96,11.1562,0,400.064,257.91296,540.22028,0,0,0,0,0,0,,880.64,641.408444,1116.35504,664
2019,10/27/2019,300,-10.08,-2.216,-6.7503,5.588,405.652,263.50096,545.80828,0,0,0,0,0,0,,886.228,646.996444,1121.94304,665
2019,10/28/2019,301,-10.26,-4.567,-8.5603,4.318,409.97,267.81896,550.12628,0,0,0,0,0,0,,890.546,651.314444,1126.26104,666
2019,10/29/2019,302,-15.57,-7.582,-12.4159,4.064,414.034,271.88296,554.19028,0,0,0,0,0,0,,894.61,655.378444,1130.32504,667
2019,10/30/2019,303,-16.72,-3.915,-10.9889,1.27,415.304,273.15296,555.46028,0,0,0,0,0,0,,895.88,656.648444,1131.59504,668
2019,10/31/2019,304,-8.86,10.8,1.7876,0,415.304,273.15296,555.46028,0,0,0,0,0,0,,895.88,656.648444,1131.59504,669
2019,11/1/2019,305,-5.455,3.563,-2.088,0,415.304,273.15296,555.46028,0,0,0,0,0,0,,895.88,656.648444,1131.59504,670
2019,11/2/2019,306,-6.59,11.74,2.5119,0,415.304,273.15296,555.46028,0,0,0,0,0,0,,895.88,656.648444,1131.59504,671
2019,11/3/2019,307,-0.652,14.33,8.0555,0,415.304,273.15296,555.46028,0,0,0,0,0,0,,895.88,656.648444,1131.59504,672
2019,11/4/2019,308,-0.7,6.211,2.5377,0,415.304,273.15296,555.46028,0,0,0,0,0,0,,895.88,656.648444,1131.59504,673
2019,11/5/2019,309,-0.974,13.77,5.8111,0,415.304,273.15296,555.46028,0,0,0,0,0,0,,895.88,656.648444,1131.59504,674
2019,11/6/2019,310,-3.5,12.95,3.2144,0.508,415.812,273.66096,555.96828,0,0,0,0,0,0,,896.388,657.156444,1132.10304,675
2019,11/7/2019,311,-3.608,7.89,0.4376,0,415.812,273.66096,555.96828,0,0,0,0,0,0,,896.388,657.156444,1132.10304,676
2019,11/8/2019,312,-1.017,18.72,11.7604,0,415.812,273.66096,555.96828,0,0,0,0,0,0,,896.388,657.156444,1132.10304,677
2019,11/9/2019,313,9.09,22.97,15.9541,0,415.812,273.66096,555.96828,0,0,0,0,0,0,,896.388,657.156444,1132.10304,678
2019,11/10/2019,314,-5.031,19.28,10.3948,0,415.812,273.66096,555.96828,0,0,0,0,0,0,,896.388,657.156444,1132.10304,679
2019,11/11/2019,315,-12.36,-5.028,-8.4722,1.524,417.336,275.18496,557.49228,0,0,0,0,0,0,,897.912,658.680444,1133.62704,680
2019,11/12/2019,316,-7.448,15.18,6.7656,0,417.336,275.18496,557.49228,0,0,0,0,0,0,,897.912,658.680444,1133.62704,681
2019,11/13/2019,317,0.81,13.26,8.5576,0,417.336,275.18496,557.49228,0,0,0,0,0,0,,897.912,658.680444,1133.62704,682
2019,11/14/2019,318,-1.616,10.55,4.0764,0,417.336,275.18496,557.49228,0,0,0,0,0,0,,897.912,658.680444,1133.62704,683
2019,11/15/2019,319,2.722,20.07,12.9717,0,417.336,275.18496,557.49228,0,0,0,0,0,0,,897.912,658.680444,1133.62704,684
2019,11/16/2019,320,-0.254,15.24,9.6437,0,417.336,275.18496,557.49228,0,0,0,0,0,0,,897.912,658.680444,1133.62704,685
2019,11/17/2019,321,-1.668,13.47,6.8626,0,417.336,275.18496,557.49228,0,0,0,0,0,0,,897.912,658.680444,1133.62704,686
2019,11/18/2019,322,4.365,16.42,12.6169,0,417.336,275.18496,557.49228,0,0,0,0,0,0,,897.912,658.680444,1133.62704,687
2019,11/19/2019,323,2.745,15.57,9.941,0,417.336,275.18496,557.49228,0,0,0,0,0,0,,897.912,658.680444,1133.62704,688
2019,11/20/2019,324,-3.677,11.49,5.0314,5.334,422.67,280.51896,562.82628,0,0,0,0,0,0,,903.246,664.014444,1138.96104,689
2019,11/21/2019,325,-4.879,-3.645,-4.2686,2.032,424.702,282.55096,564.85828,0,0,0,0,0,0,,905.278,666.046444,1140.99304,690
2019,11/22/2019,326,-4.399,2.506,-2.107,3.048,427.75,285.59896,567.90628,0,0,0,0,0,0,,908.326,669.094444,1144.04104,691
2019,11/23/2019,327,1.378,12.83,6.4267,0,427.75,285.59896,567.90628,0,0,0,0,0,0,,908.326,669.094444,1144.04104,692
2019,11/24/2019,328,6.757,14.43,10.4323,0,427.75,285.59896,567.90628,0,0,0,0,0,0,,908.326,669.094444,1144.04104,693
2019,11/25/2019,329,-5.181,8.26,0.4973,10.41,438.16,296.00896,578.31628,0,0,0,0,0,0,,918.736,679.504444,1154.45104,694
2019,11/26/2019,330,-12.74,-5.185,-7.4225,17.78,455.94,313.78896,596.09628,0,0,0,0,0,0,,936.516,697.284444,1172.23104,695
2019,11/27/2019,331,-13.48,-8.96,-11.0082,0,455.94,313.78896,596.09628,0,0,0,0,0,0,,936.516,697.284444,1172.23104,696
2019,11/28/2019,332,-12.36,-0.424,-8.8498,0,455.94,313.78896,596.09628,0,0,0,0,0,0,,936.516,697.284444,1172.23104,697
2019,11/29/2019,333,-10.43,1.551,-6.0291,2.032,457.972,315.82096,598.12828,0,0,0,0,0,0,,938.548,699.316444,1174.26304,698
2019,11/30/2019,334,-1.275,0.459,-0.431,2.54,460.512,318.36096,600.66828,0,0,0,0,0,0,,941.088,701.856444,1176.80304,699
2019,12/1/2019,335,-4.49,1.964,-1.7052,0,460.512,318.36096,600.66828,0,0,0,0,0,0,,941.088,701.856444,1176.80304,700
2019,12/2/2019,336,-1.951,14.33,8.5858,0,460.512,318.36096,600.66828,0,0,0,0,0,0,,941.088,701.856444,1176.80304,701
2019,12/3/2019,337,6.944,10.77,8.8319,0,460.512,318.36096,600.66828,0,0,0,0,0,0,,941.088,701.856444,1176.80304,702
2019,12/4/2019,338,1.671,12.3,6.6711,0,460.512,318.36096,600.66828,0,0,0,0,0,0,,941.088,701.856444,1176.80304,703
2019,12/5/2019,339,-3.668,8.48,2.5018,0.762,461.274,319.12296,601.43028,0,0,0,0,0,0,,941.85,702.618444,1177.56504,704
2019,12/6/2019,340,-3.031,8.89,2.2359,0,461.274,319.12296,601.43028,0,0,0,0,0,0,,941.85,702.618444,1177.56504,705
2019,12/7/2019,341,2.306,14.18,9.1401,0,461.274,319.12296,601.43028,0,0,0,0,0,0,,941.85,702.618444,1177.56504,706
2019,12/8/2019,342,3.647,11.64,7.9906,0,461.274,319.12296,601.43028,0,0,0,0,0,0,,941.85,702.618444,1177.56504,707
2019,12/9/2019,343,-5.877,4.627,-2.4674,0,461.274,319.12296,601.43028,0,0,0,0,0,0,,941.85,702.618444,1177.56504,708
2019,12/10/2019,344,-7.178,6.34,-0.7978,0,461.274,319.12296,601.43028,0,0,0,0,0,0,,941.85,702.618444,1177.56504,709
2019,12/11/2019,345,0.811,10.79,5.9718,0,461.274,319.12296,601.43028,0,0,0,0,0,0,,941.85,702.618444,1177.56504,710
2019,12/12/2019,346,2.627,9.52,6.442,0,461.274,319.12296,601.43028,0,0,0,0,0,0,,941.85,702.618444,1177.56504,711
2019,12/13/2019,347,-2.666,6.712,3.2946,0,461.274,319.12296,601.43028,0,0,0,0,0,0,,941.85,702.618444,1177.56504,712
2019,12/14/2019,348,-5.36,0.338,-2.7267,0.254,461.528,319.37696,601.68428,0,0,0,0,0,0,,942.104,702.872444,1177.81904,713
2019,12/15/2019,349,-8.31,-0.133,-4.1575,0,461.528,319.37696,601.68428,0,0,0,0,0,0,,942.104,702.872444,1177.81904,714
2019,12/16/2019,350,-8.22,-1.179,-5.1576,0,461.528,319.37696,601.68428,0,0,0,0,0,0,,942.104,702.872444,1177.81904,715
2019,12/17/2019,351,-7.272,5.334,-0.762,0,461.528,319.37696,601.68428,0,0,0,0,0,0,,942.104,702.872444,1177.81904,716
2019,12/18/2019,352,-0.681,11.35,5.1833,0,461.528,319.37696,601.68428,0,0,0,0,0,0,,942.104,702.872444,1177.81904,717
2019,12/19/2019,353,-1.093,8.07,4.2945,0,461.528,319.37696,601.68428,0,0,0,0,0,0,,942.104,702.872444,1177.81904,718
2019,12/20/2019,354,-1.19,10.28,4.8776,0,461.528,319.37696,601.68428,0,0,0,0,0,0,,942.104,702.872444,1177.81904,719
2019,12/21/2019,355,3.91,17.09,10.5855,0,461.528,319.37696,601.68428,0,0,0,0,0,0,,942.104,702.872444,1177.81904,720
2019,12/22/2019,356,7.168,18.53,12.4428,0,461.528,319.37696,601.68428,0,0,0,0,0,0,,942.104,702.872444,1177.81904,721
2019,12/23/2019,357,5.908,16.11,9.9629,0,461.528,319.37696,601.68428,0,0,0,0,0,0,,942.104,702.872444,1177.81904,722
2019,12/24/2019,358,2.665,11.37,7.0593,0,461.528,319.37696,601.68428,0,0,0,0,0,0,,942.104,702.872444,1177.81904,723
2019,12/25/2019,359,-1.451,10.65,3.646,0,461.528,319.37696,601.68428,0,0,0,0,0,0,,942.104,702.872444,1177.81904,724
2019,12/26/2019,360,-5.194,2.971,-2.4157,0,461.528,319.37696,601.68428,0,0,0,0,0,0,,942.104,702.872444,1177.81904,725
2019,12/27/2019,361,-7.04,0.177,-3.4575,0,461.528,319.37696,601.68428,0,0,0,0,0,0,,942.104,702.872444,1177.81904,726
2019,12/28/2019,362,-9.57,-3.697,-5.404,2.794,464.322,322.17096,604.47828,0,0,0,0,0,0,,944.898,705.666444,1180.61304,727
2019,12/29/2019,363,-9.7,-2.353,-5.7626,0,464.322,322.17096,604.47828,0,0,0,0,0,0,,944.898,705.666444,1180.61304,728
2019,12/30/2019,364,-8.18,-0.44,-4.2313,0,464.322,322.17096,604.47828,0,0,0,0,0,0,,944.898,705.666444,1180.61304,729
2019,12/31/2019,365,-7.168,7.769,2.0845,0,464.322,322.17096,604.47828,0,0,0,0,0,0,,944.898,705.666444,1180.61304,730
2020,1/1/2020,1,2.53,10.18,6.1845,0,0,0,0,0,0,0,0,0,0,,944.898,705.666444,1180.61304,731
2020,1/2/2020,2,-0.813,6.299,2.2554,0,0,0,0,0,0,0,0,0,0,,944.898,705.666444,1180.61304,732
2020,1/3/2020,3,-0.613,5.756,3.0328,0,0,0,0,0,0,0,0,0,0,,944.898,705.666444,1180.61304,733
2020,1/4/2020,4,3.586,14.96,9.7551,0,0,0,0,0,0,0,0,0,0,,944.898,705.666444,1180.61304,734
2020,1/5/2020,5,-4.645,6.393,1.1651,0,0,0,0,0,0,0,0,0,0,,944.898,705.666444,1180.61304,735
2020,1/6/2020,6,-2.301,6.029,1.0921,0,0,0,0,0,0,0,0,0,0,,944.898,705.666444,1180.61304,736
2020,1/7/2020,7,2.412,12.77,7.4,0,0,0,0,0,0,0,0,0,0,,944.898,705.666444,1180.61304,737
2020,1/8/2020,8,0.99,12.66,6.8559,0,0,0,0,0,0,0,0,0,0,,944.898,705.666444,1180.61304,738
2020,1/9/2020,9,-3.651,5.548,1.5537,0,0,0,0,0,0,0,0,0,0,,944.898,705.666444,1180.61304,739
2020,1/10/2020,10,-11.66,-0.973,-5.2043,0,0,0,0,0,0,0,0,0,0,,944.898,705.666444,1180.61304,740
2020,1/11/2020,11,-11.88,5.482,-3.4755,0,0,0,0,0,0,0,0,0,0,,944.898,705.666444,1180.61304,741
2020,1/12/2020,12,-4.944,4.037,-0.3572,0,0,0,0,0,0,0,0,0,0,,944.898,705.666444,1180.61304,742
2020,1/13/2020,13,-6.966,4.224,-0.9949,0,0,0,0,0,0,0,0,0,0,,944.898,705.666444,1180.61304,743
2020,1/14/2020,14,-3.878,11.95,4.0645,0,0,0,0,0,0,0,0,0,0,,944.898,705.666444,1180.61304,744
2020,1/15/2020,15,-7.084,4.159,-1.1529,0,0,0,0,0,0,0,0,0,0,,944.898,705.666444,1180.61304,745
2020,1/16/2020,16,-7.93,0.946,-3.2527,0,0,0,0,0,0,0,0,0,0,,944.898,705.666444,1180.61304,746
2020,1/17/2020,17,-4.701,10.95,1.8126,0,0,0,0,0,0,0,0,0,0,,944.898,705.666444,1180.61304,747
2020,1/18/2020,18,-6.083,3.099,-1.4694,0,0,0,0,0,0,0,0,0,0,,944.898,705.666444,1180.61304,748
2020,1/19/2020,19,-6.465,6.017,-0.5672,0,0,0,0,0,0,0,0,0,0,,944.898,705.666444,1180.61304,749
2020,1/20/2020,20,-2.925,8.49,2.5046,0,0,0,0,0,0,0,0,0,0,,944.898,705.666444,1180.61304,750
2020,1/21/2020,21,0.21,10.47,5.4483,0,0,0,0,0,0,0,0,0,0,,944.898,705.666444,1180.61304,751
2020,1/22/2020,22,0.139,8.62,5.1472,0,0,0,0,0,0,0,0,0,0,,944.898,705.666444,1180.61304,752
2020,1/23/2020,23,-3.614,5.25,1.3107,0,0,0,0,0,0,0,0,0,0,,944.898,705.666444,1180.61304,753
2020,1/24/2020,24,-4.199,10.61,5.374,0,0,0,0,0,0,0,0,0,0,,944.898,705.666444,1180.61304,754
2020,1/25/2020,25,-0.625,10.18,5.6583,0,0,0,0,0,0,0,0,0,0,,944.898,705.666444,1180.61304,755
2020,1/26/2020,26,0.383,9.69,5.8146,0,0,0,0,0,0,0,0,0,0,,944.898,705.666444,1180.61304,756
2020,1/27/2020,27,-1.931,6.989,2.0008,0,0,0,0,0,0,0,0,0,0,,944.898,705.666444,1180.61304,757
2020,1/28/2020,28,-1.251,7.481,2.1894,0,0,0,0,0,0,0,0,0,0,,944.898,705.666444,1180.61304,758
2020,1/29/2020,29,-3.981,5.485,0.5691,0,0,0,0,0,0,0,0,0,0,,944.898,705.666444,1180.61304,759
2020,1/30/2020,30,-5.345,2.784,-0.4176,0,0,0,0,0,0,0,0,0,0,,944.898,705.666444,1180.61304,760
2020,1/31/2020,31,-6.432,8.58,3.5391,0,0,0,0,0,0,0,0,0,0,,944.898,705.666444,1180.61304,761
2020,2/1/2020,32,5.543,14.41,11.3405,0,0,0,0,0,0,0,0,0,0,,944.898,705.666444,1180.61304,762
2020,2/2/2020,33,-2.044,21.78,12.6812,0,0,0,0,0,0,0,0,0,0,,944.898,705.666444,1180.61304,763
2020,2/3/2020,34,-11.37,-1.514,-7.3659,5.588,5.588,5.588,5.588,0,0,0,0,0,0,,950.486,711.254444,1186.20104,764
2020,2/4/2020,35,-16.47,-11.36,-13.2307,1.778,7.366,7.366,7.366,0,0,0,0,0,0,,952.264,713.032444,1187.97904,765
2020,2/5/2020,36,-18.32,-4.222,-10.1531,0,7.366,7.366,7.366,0,0,0,0,0,0,,952.264,713.032444,1187.97904,766
2020,2/6/2020,37,-5.805,2.62,-1.6253,3.048,10.414,10.414,10.414,0,0,0,0,0,0,,955.312,716.080444,1191.02704,767
2020,2/7/2020,38,-6.588,-3.484,-5.0845,2.286,12.7,12.7,12.7,0,0,0,0,0,0,,957.598,718.366444,1193.31304,768
2020,2/8/2020,39,-5.554,11.67,2.3672,0,12.7,12.7,12.7,0,0,0,0,0,0,,957.598,718.366444,1193.31304,769
2020,2/9/2020,40,-10.39,1.823,-5.1216,3.048,15.748,15.748,15.748,0,0,0,0,0,0,,960.646,721.414444,1196.36104,770
2020,2/10/2020,41,-10.65,-2.149,-6.3541,4.318,20.066,20.066,20.066,0,0,0,0,0,0,,964.964,725.732444,1200.67904,771
2020,2/11/2020,42,-13.51,3.115,-5.7967,1.016,21.082,21.082,21.082,0,0,0,0,0,0,,965.98,726.748444,1201.69504,772
2020,2/12/2020,43,-8.17,2.711,-2.6488,2.54,23.622,23.622,23.622,0,0,0,0,0,0,,968.52,729.288444,1204.23504,773
2020,2/13/2020,44,-10.3,-4.31,-7.9177,0.508,24.13,24.13,24.13,0,0,0,0,0,0,,969.028,729.796444,1204.74304,774
2020,2/14/2020,45,-10.98,12.16,5.1735,0,24.13,24.13,24.13,0,0,0,0,0,0,,969.028,729.796444,1204.74304,775
2020,2/15/2020,46,-6.147,6.899,-1.185,0,24.13,24.13,24.13,0,0,0,0,0,0,,969.028,729.796444,1204.74304,776
2020,2/16/2020,47,-4.769,6.827,2.0938,0,24.13,24.13,24.13,0,0,0,0,0,0,,969.028,729.796444,1204.74304,777
2020,2/17/2020,48,-7.009,3.862,0.0077,0,24.13,24.13,24.13,0,0,0,0,0,0,,969.028,729.796444,1204.74304,778
2020,2/18/2020,49,-8.98,0.216,-4.2948,0,24.13,24.13,24.13,0,0,0,0,0,0,,969.028,729.796444,1204.74304,779
2020,2/19/2020,50,-13.81,-5.331,-8.2155,1.016,25.146,25.146,25.146,0,0,0,0,0,0,,970.044,730.812444,1205.75904,780
2020,2/20/2020,51,-16.45,-0.194,-7.3652,0,25.146,25.146,25.146,0,0,0,0,0,0,,970.044,730.812444,1205.75904,781
2020,2/21/2020,52,-4.555,10.54,4.2904,0,25.146,25.146,25.146,0,0,0,0,0,0,,970.044,730.812444,1205.75904,782
2020,2/22/2020,53,2.902,12.38,8.1161,0,25.146,25.146,25.146,0,0,0,0,0,0,,970.044,730.812444,1205.75904,783
2020,2/23/2020,54,-0.556,6.038,2.4704,0,25.146,25.146,25.146,0,0,0,0,0,0,,970.044,730.812444,1205.75904,784
2020,2/24/2020,55,-3.707,5.051,0.3861,0,25.146,25.146,25.146,0,0,0,0,0,0,,970.044,730.812444,1205.75904,785
2020,2/25/2020,56,-11.86,-3.29,-6.4425,0,25.146,25.146,25.146,0,0,0,0,0,0,,970.044,730.812444,1205.75904,786
2020,2/26/2020,57,-12.42,4.481,-2.0094,0,25.146,25.146,25.146,0,0,0,0,0,0,,970.044,730.812444,1205.75904,787
2020,2/27/2020,58,0.095,7.712,4.0732,0,25.146,25.146,25.146,0,0,0,0,0,0,,970.044,730.812444,1205.75904,788
2020,2/28/2020,59,3.115,13.59,7.6787,0,25.146,25.146,25.146,0,0,0,0,0,0,,970.044,730.812444,1205.75904,789
2020,2/29/2020,60,2.697,13.77,8.0067,0,25.146,25.146,25.146,0,0,0,0,0,0,,970.044,730.812444,1205.75904,790
2020,3/1/2020,61,-4.938,8.54,0.7705,4.572,29.718,29.718,29.718,0,0,0,0,0,0,,974.616,735.384444,1210.33104,791
2020,3/2/2020,62,-6.047,6.915,0.378,0.254,29.972,29.972,29.972,0,0,0,0,0,0,,974.87,735.638444,1210.58504,792
2020,3/3/2020,63,0.1,11.91,6.5765,0,29.972,29.972,29.972,0,0,0,0,0,0,,974.87,735.638444,1210.58504,793
2020,3/4/2020,64,0.423,14.67,8.5894,0,29.972,29.972,29.972,0,0,0,0,0,0,,974.87,735.638444,1210.58504,794
2020,3/5/2020,65,-4.559,9.88,3.4959,0,29.972,29.972,29.972,0,0,0,0,0,0,,974.87,735.638444,1210.58504,795
2020,3/6/2020,66,0.256,17.83,9.9342,0,29.972,29.972,29.972,0,0,0,0,0,0,,974.87,735.638444,1210.58504,796
2020,3/7/2020,67,6.839,18.46,12.2371,0,29.972,29.972,29.972,0,0,0,0,0,0,,974.87,735.638444,1210.58504,797
2020,3/8/2020,68,2.27,17.98,10.4216,3.556,33.528,33.528,33.528,0,0,0,0,0,0,,978.426,739.194444,1214.14104,798
2020,3/9/2020,69,1.292,13.73,6.5109,0.254,33.782,33.782,33.782,0,0,0,0,0,0,,978.68,739.448444,1214.39504,799
2020,3/10/2020,70,1.654,15.37,9.2713,0,33.782,33.782,33.782,0,0,0,0,0,0,,978.68,739.448444,1214.39504,800
2020,3/11/2020,71,7.082,18.85,11.6739,0,33.782,33.782,33.782,0,0,0,0,0,0,,978.68,739.448444,1214.39504,801
2020,3/12/2020,72,-1.543,10.85,4.3986,0,33.782,33.782,33.782,0,0,0,0,0,0,,978.68,739.448444,1214.39504,802
2020,3/13/2020,73,-2.617,1.172,-1.164,0.508,34.29,34.29,34.29,0,0,0,0,0,0,,979.188,739.956444,1214.90304,803
2020,3/14/2020,74,-3.049,2.031,-1.2708,0,34.29,34.29,34.29,0,0,0,0,0,0,,979.188,739.956444,1214.90304,804
2020,3/15/2020,75,-2.035,11.13,3.4975,0,34.29,34.29,34.29,0,0,0,0,0,0,,979.188,739.956444,1214.90304,805
2020,3/16/2020,76,0.721,13.99,6.5857,0,34.29,34.29,34.29,0,0,0,0,0,0,,979.188,739.956444,1214.90304,806
2020,3/17/2020,77,0.623,9.88,3.9311,0,34.29,34.29,34.29,0,0,0,0,0,0,,979.188,739.956444,1214.90304,807
2020,3/18/2020,78,1.425,15.31,8.2866,0,34.29,34.29,34.29,0,0,0,0,0,0,,979.188,739.956444,1214.90304,808
2020,3/19/2020,79,-5.633,3.209,-1.1169,26.67,60.96,60.96,60.96,0,0,0,0,0,0,,1005.858,766.626444,1241.57304,809
2020,3/20/2020,80,-9.38,-5.631,-7.0683,0.254,61.214,61.214,61.214,0,0,0,0,0,0,,1006.112,766.880444,1241.82704,810
2020,3/21/2020,81,-9.47,6.905,1.9542,0,61.214,61.214,61.214,0,0,0,0,0,0,,1006.112,766.880444,1241.82704,811
2020,3/22/2020,82,-0.549,8.02,4.0718,0,61.214,61.214,61.214,0,0,0,0,0,0,,1006.112,766.880444,1241.82704,812
2020,3/23/2020,83,0.461,9.93,5.2329,0,61.214,61.214,61.214,0,0,0,0,0,0,,1006.112,766.880444,1241.82704,813
2020,3/24/2020,84,2.993,15.03,9.0554,0,61.214,61.214,61.214,0,0,0,0,0,0,,1006.112,766.880444,1241.82704,814
2020,3/25/2020,85,4.453,16.86,10.5864,0,61.214,61.214,61.214,0,0,0,0,0,0,,1006.112,766.880444,1241.82704,815
2020,3/26/2020,86,-0.017,8.41,4.6154,0,61.214,61.214,61.214,0,0,0,0,0,0,,1006.112,766.880444,1241.82704,816
2020,3/27/2020,87,-1.563,5.15,0.5321,8.38,69.594,69.594,69.594,0,0,0,0,0,0,,1014.492,775.260444,1250.20704,817
2020,3/28/2020,88,-2.339,5.888,1.8396,0,69.594,69.594,69.594,0,0,0,0,0,0,,1014.492,775.260444,1250.20704,818
2020,3/29/2020,89,1.114,10.31,5.3086,0,69.594,69.594,69.594,0,0,0,0,0,0,,1014.492,775.260444,1250.20704,819
2020,3/30/2020,90,-1.277,11.31,6.1829,0,69.594,69.594,69.594,0,0,0,0,0,0,,1014.492,775.260444,1250.20704,820
2020,3/31/2020,91,6.949,17.44,11.4197,0,69.594,69.594,69.594,0,0,0,0,0,0,,1014.492,775.260444,1250.20704,821
2020,4/1/2020,92,2.928,18.49,11.7918,0,69.594,69.594,69.594,0,0,0,0,0,0,,1014.492,775.260444,1250.20704,822
2020,4/2/2020,93,-8.27,2.9,-4.7052,0.254,69.848,69.848,69.848,0,0,0,0,0,0,,1014.746,775.514444,1250.46104,823
2020,4/3/2020,94,-8.98,3.27,-3.2108,0,69.848,69.848,69.848,0,0,0,0,0,0,,1014.746,775.514444,1250.46104,824
2020,4/4/2020,95,-4.114,13.32,4.5041,0,69.848,69.848,69.848,0,0,0,0,0,0,,1014.746,775.514444,1250.46104,825
2020,4/5/2020,96,2.138,18.18,11.2033,0,69.848,69.848,69.848,0,0,0,0,0,0,,1014.746,775.514444,1250.46104,826
2020,4/6/2020,97,5.014,20.37,14.0055,0,69.848,69.848,69.848,0,0,0,0,0,0,,1014.746,775.514444,1250.46104,827
2020,4/7/2020,98,5.99,20.58,14.7386,0,69.848,69.848,69.848,0,0,0,0,0,0,,1014.746,775.514444,1250.46104,828
2020,4/8/2020,99,6.05,19.03,12.8715,0,69.848,69.848,69.848,0,0,0,0,0,0,,1014.746,775.514444,1250.46104,829
2020,4/9/2020,100,0.505,11.04,6.0472,0,69.848,69.848,69.848,0,0,0,0,0,0,,1014.746,775.514444,1250.46104,830
2020,4/10/2020,101,3.05,20.87,13.2319,0,69.848,69.848,69.848,0,0,0,0,0,0,,1014.746,775.514444,1250.46104,831
2020,4/11/2020,102,-0.553,18.41,13.1778,0,69.848,69.848,69.848,0,0,0,0,0,0,,1014.746,775.514444,1250.46104,832
2020,4/12/2020,103,-8.59,-0.594,-7.0827,8.64,78.488,78.488,78.488,0,0,0,0,0,0,,1023.386,784.154444,1259.10104,833
2020,4/13/2020,104,-11.39,-6.902,-8.7809,1.27,79.758,79.758,79.758,0,0,0,0,0,0,,1024.656,785.424444,1260.37104,834
2020,4/14/2020,105,-10.16,4.779,-1.2073,0,79.758,79.758,79.758,0,0,0,0,0,0,,1024.656,785.424444,1260.37104,835
2020,4/15/2020,106,-1.268,10.61,3.2612,9.14,88.898,88.898,88.898,0,0,0,0,0,0,,1033.796,794.564444,1269.51104,836
2020,4/16/2020,107,-11.64,-1.277,-5.3949,16.51,105.408,105.408,105.408,0,0,0,0,0,0,,1050.306,811.074444,1286.02104,837
2020,4/17/2020,108,-11.57,7.599,-0.8827,0,105.408,105.408,105.408,0,0,0,0,0,0,,1050.306,811.074444,1286.02104,838
2020,4/18/2020,109,1.461,9.85,6.2371,0,105.408,105.408,105.408,0,0,0,0,0,0,,1050.306,811.074444,1286.02104,839
2020,4/19/2020,110,0.194,12.25,6.4683,0,105.408,105.408,105.408,0,0,0,0,0,0,,1050.306,811.074444,1286.02104,840
2020,4/20/2020,111,2.252,16.23,9.4857,0,105.408,105.408,105.408,0,0,0,0,0,0,,1050.306,811.074444,1286.02104,841
2020,4/21/2020,112,3.48,17.23,10.4335,0,105.408,105.408,105.408,0,0,0,0,0,1,,1050.306,811.074444,1286.02104,842
2020,4/22/2020,113,8.18,16.6,12.2748,0,105.408,105.408,105.408,0,0,0,0,0,0,,1050.306,811.074444,1286.02104,843
2020,4/23/2020,114,5.027,16.71,11.7765,0,105.408,105.408,105.408,0,0,0,0,0,0,,1050.306,811.074444,1286.02104,844
2020,4/24/2020,115,2.973,12.39,6.8619,2.286,107.694,107.694,107.694,0,0,0,0,0,0,,1052.592,813.360444,1288.30704,845
2020,4/25/2020,116,2.513,16.47,9.7888,0,107.694,107.694,107.694,0,0,0,0,0,0,,1052.592,813.360444,1288.30704,846
2020,4/26/2020,117,8.54,20.68,15.1182,0,107.694,107.694,107.694,0,0,0,0,0,0,,1052.592,813.360444,1288.30704,847
2020,4/27/2020,118,8.61,23.93,17.4818,0,107.694,107.694,107.694,0,0,0,0,0,0,,1052.592,813.360444,1288.30704,848
2020,4/28/2020,119,5.516,20.57,14.6617,0,107.694,107.694,107.694,0,0,0,0,0,0,,1052.592,813.360444,1288.30704,849
2020,4/29/2020,120,2.855,19.63,12.15,0,107.694,107.694,107.694,0,0,0,0,0,0,,1052.592,813.360444,1288.30704,850
2020,4/30/2020,121,10.13,26.72,18.7843,0,107.694,107.694,107.694,0,0,0,0,0,0,,1052.592,813.360444,1288.30704,851
2020,5/1/2020,122,10.4,25.94,18.9265,0,107.694,107.694,107.694,0,0,0,0,0,0,,1052.592,813.360444,1288.30704,852
2020,5/2/2020,123,8.2,15.14,10.7795,1.27,108.964,108.964,108.964,0,0,0,0,0,0,,1053.862,814.630444,1289.57704,853
2020,5/3/2020,124,4.585,18.94,12.5831,0,108.964,108.964,108.964,0,0,0,0,0,0,,1053.862,814.630444,1289.57704,854
2020,5/4/2020,125,3.101,17.23,11.3499,1.524,110.488,110.488,110.488,0,0,0,0,0,0,,1055.386,816.154444,1291.10104,855
2020,5/5/2020,126,1.43,19.41,11.1081,0,110.488,110.488,110.488,0,0,0,0,0,0,,1055.386,816.154444,1291.10104,856
2020,5/6/2020,127,2.819,16.54,10.6322,0,110.488,110.488,110.488,0,0,0,0,0,1,,1055.386,816.154444,1291.10104,857
2020,5/7/2020,128,2.317,21.58,13.3394,0,110.488,110.488,110.488,0,0,0,0,0,0,,1055.386,816.154444,1291.10104,858
2020,5/8/2020,129,-0.254,14.29,6.8119,0,110.488,110.488,110.488,1,0,0,0,0,0,,1055.386,816.154444,1291.10104,859
2020,5/9/2020,130,2.733,13.72,8.0974,0,110.488,110.488,110.488,1,0,0,0,0,0,,1055.386,816.154444,1291.10104,860
2020,5/10/2020,131,1.305,13.59,7.3982,0,110.488,110.488,110.488,1,0,0,0,0,0,,1055.386,816.154444,1291.10104,861
2020,5/11/2020,132,-0.853,10.85,3.4145,0.762,111.25,110.741746,111.25,1,0,0,0,0,0,,1056.148,816.40819,1291.86304,862
2020,5/12/2020,133,3.08,17.42,9.8225,0,111.25,110.741746,111.25,1,0,0,0,0,0,,1056.148,816.40819,1291.86304,863
2020,5/13/2020,134,7.422,22.96,16.4129,0,111.25,110.741746,111.25,1,0,0,0,0,0,,1056.148,816.40819,1291.86304,864
2020,5/14/2020,135,8.88,16.85,12.1097,2.794,114.044,111.672148,114.044,1,0,0,0,0,0,,1058.942,817.338592,1294.65704,865
2020,5/15/2020,136,6.972,17.51,11.2582,4.318,118.362,113.110042,118.362,1,0,0,0,0,0,,1063.26,818.776486,1298.97504,866
2020,5/16/2020,137,8.54,18.5,13.1153,0,118.362,113.110042,123.55884,1,0,0,1,7.874,0,,1063.26,818.776486,1304.17188,867
2020,5/17/2020,138,5.51,20.81,12.934,0,118.362,113.110042,123.55884,1,0,0,0,0,0,,1063.26,818.776486,1304.17188,868
2020,5/18/2020,139,8.53,26,17.8567,0,118.362,113.110042,123.55884,1,0,0,0,0,0,,1063.26,818.776486,1304.17188,869
2020,5/19/2020,140,9.78,29.36,20.4263,0,118.362,113.110042,123.55884,1,0,0,0,0,1,,1063.26,818.776486,1304.17188,870
2020,5/20/2020,141,10.25,28.56,20.0103,0,118.362,113.110042,123.55884,1,0,0,0,0,0,,1063.26,818.776486,1304.17188,871
2020,5/21/2020,142,5.913,21.24,14.3426,0,118.362,113.110042,123.55884,1,0,0,0,0,0,,1063.26,818.776486,1304.17188,872
2020,5/22/2020,143,7.923,25.51,17.5687,0,118.362,113.110042,123.55884,1,0,0,0,0,0,,1063.26,818.776486,1304.17188,873
2020,5/23/2020,144,7.695,24.21,15.8358,0,118.362,113.110042,123.55884,1,0,0,0,0,0,,1063.26,818.776486,1304.17188,874
2020,5/24/2020,145,5.262,12.15,7.5158,19.56,137.922,119.623522,143.11884,1,0,0,0,0,0,,1082.82,825.289966,1323.73188,875
2020,5/25/2020,146,4.137,15.49,9.7816,0,137.922,119.623522,156.02844,1,0,0,1,19.56,1,,1082.82,825.289966,1336.64148,876
2020,5/26/2020,147,5.591,22.1,15.6395,0,137.922,119.623522,156.02844,1,0,0,0,0,0,,1082.82,825.289966,1336.64148,877
2020,5/27/2020,148,11.51,24.04,18.0753,0,137.922,119.623522,156.02844,1,0,0,0,0,0,,1082.82,825.289966,1336.64148,878
2020,5/28/2020,149,11.12,19.91,15.2034,0,137.922,119.623522,156.02844,1,0,0,0,0,0,,1082.82,825.289966,1336.64148,879
2020,5/29/2020,150,9.88,26.55,19.1154,0,137.922,119.623522,156.02844,1,0,0,0,0,0,,1082.82,825.289966,1336.64148,880
2020,5/30/2020,151,12.5,24.67,19.3497,13.72,151.642,124.192282,169.74844,1,0,0,0,0,0,,1096.54,829.858726,1350.36148,881
2020,5/31/2020,152,12.57,26.89,19.6325,0.254,151.896,124.276864,170.00244,1,0,0,0,0,0,,1096.794,829.943308,1350.61548,882
2020,6/1/2020,153,14.68,29.52,23.6358,0,151.896,124.276864,179.22528,1,0,0,1,13.974,1,,1096.794,829.943308,1359.83832,883
2020,6/2/2020,154,15.76,27.82,22.8501,1.778,153.674,124.868938,181.00328,1,0,0,0,0,0,,1098.572,830.535382,1361.61632,884
2020,6/3/2020,155,14.11,29.47,21.473,0,153.674,124.868938,181.00328,1,0,0,0,0,0,,1098.572,830.535382,1361.61632,885
2020,6/4/2020,156,13.89,28.79,21.9372,0,153.674,124.868938,181.00328,1,0,0,0,0,1,,1098.572,830.535382,1361.61632,886
2020,6/5/2020,157,16.1,31.42,23.9019,0,153.674,124.868938,181.00328,1,0,0,0,0,0,,1098.572,830.535382,1361.61632,887
2020,6/6/2020,158,13.35,28.06,20.4565,0,153.674,124.868938,181.00328,1,0,0,0,0,0,,1098.572,830.535382,1361.61632,888
2020,6/7/2020,159,10.55,30.82,20.6785,0,153.674,124.868938,181.00328,1,0,0,0,0,0,,1098.572,830.535382,1361.61632,889
2020,6/8/2020,160,4.779,22.55,15.1712,2.286,155.96,125.630176,183.28928,1,0,0,0,0,0,,1100.858,831.29662,1363.90232,890
2020,6/9/2020,161,4.395,16.49,11.0086,6.096,162.056,127.660144,189.38528,1,0,0,0,0,1,,1106.954,833.326588,1369.99832,891
2020,6/10/2020,162,6.245,22.38,16.1046,0,162.056,127.660144,196.09088,1,0,0,1,10.16,1,,1106.954,833.326588,1376.70392,892
2020,6/11/2020,163,13.95,25.57,19.547,0,162.056,127.660144,196.09088,1,0,0,0,0,0,,1106.954,833.326588,1376.70392,893
2020,6/12/2020,164,12.41,30.05,21.563,0,162.056,127.660144,196.09088,1,0,0,0,0,0,,1106.954,833.326588,1376.70392,894
2020,6/13/2020,165,14.41,26.55,20.249,2.032,164.088,128.3368,198.12288,1,0,0,0,0,0,,1108.986,834.003244,1378.73592,895
2020,6/14/2020,166,13.87,30.49,23.7604,0,164.088,128.3368,198.12288,1,0,0,0,0,0,,1108.986,834.003244,1378.73592,896
2020,6/15/2020,167,15.34,29.29,23.3736,0,164.088,128.3368,198.12288,0,1,0,0,0,0,,1108.986,834.003244,1378.73592,897
2020,6/16/2020,168,15.94,32.71,25.2738,0,164.088,128.3368,198.12288,0,1,0,0,0,0,,1108.986,834.003244,1378.73592,898
2020,6/17/2020,169,12.97,30.4,21.7795,0,164.088,128.3368,198.12288,0,1,0,0,0,0,,1108.986,834.003244,1378.73592,899
2020,6/18/2020,170,8.23,17.08,12.0403,15.75,179.838,144.0868,213.87288,0,1,0,0,0,0,,1124.736,849.753244,1394.48592,900
2020,6/19/2020,171,9.13,17.3,12.5078,4.572,184.41,148.6588,218.44488,0,1,0,0,0,0,,1129.308,854.325244,1399.05792,901
2020,6/20/2020,172,8.15,27.51,19.7842,0,184.41,148.6588,218.44488,0,1,0,0,0,0,,1129.308,854.325244,1399.05792,902
2020,6/21/2020,173,12.78,24.64,19.1504,1.27,185.68,149.9288,219.71488,0,1,0,0,0,1,,1130.578,855.595244,1400.32792,903
2020,6/22/2020,174,11.83,23.86,18.5699,0.254,185.934,150.1828,219.96888,0,1,0,0,0,0,,1130.832,855.849244,1400.58192,904
2020,6/23/2020,175,11.61,25.87,19.238,0,185.934,150.1828,219.96888,0,1,0,0,0,1,,1130.832,855.849244,1400.58192,905
2020,6/24/2020,176,13.4,29.31,20.7144,1.016,186.95,151.1988,220.98488,0,1,0,0,0,0,,1131.848,856.865244,1401.59792,906
2020,6/25/2020,177,14.54,32,22.8354,0,186.95,151.1988,220.98488,0,1,0,0,0,1,,1131.848,856.865244,1401.59792,907
2020,6/26/2020,178,12.15,24.72,17.5419,20.32,207.27,171.5188,241.30488,0,1,0,0,0,1,,1152.168,877.185244,1421.91792,908
2020,6/27/2020,179,13.54,30.09,23.0028,0,207.27,171.5188,241.30488,0,1,0,0,0,0,,1152.168,877.185244,1421.91792,909
2020,6/28/2020,180,17.29,29.32,23.1709,0.762,208.032,172.2808,242.06688,0,1,0,0,0,1,,1152.93,877.947244,1422.67992,910
2020,6/29/2020,181,14.99,30.91,23.7599,0,208.032,172.2808,242.06688,0,1,0,0,0,1,,1152.93,877.947244,1422.67992,911
2020,6/30/2020,182,12.97,25.66,19.0848,2.032,210.064,174.3128,244.09888,0,1,0,0,0,0,,1154.962,879.979244,1424.71192,912
2020,7/1/2020,183,11.74,27.43,20.3602,0,210.064,174.3128,244.09888,1,0,0,0,0,0,,1154.962,879.979244,1424.71192,913
2020,7/2/2020,184,14.76,31.44,22.7227,0,210.064,174.3128,244.09888,1,0,0,0,0,0,,1154.962,879.979244,1424.71192,914
2020,7/3/2020,185,14.41,29.32,22.1675,0,210.064,174.3128,244.09888,1,0,0,0,0,0,,1154.962,879.979244,1424.71192,915
2020,7/4/2020,186,14.75,29.41,20.931,0.254,210.318,174.397382,244.35288,1,0,0,0,0,0,,1155.216,880.063826,1424.96592,916
2020,7/5/2020,187,13.15,29.83,21.9807,0,210.318,174.397382,244.35288,1,0,0,0,0,0,,1155.216,880.063826,1424.96592,917
2020,7/6/2020,188,15.5,32.6,24.2745,0,210.318,174.397382,244.35288,1,0,0,0,0,0,,1155.216,880.063826,1424.96592,918
2020,7/7/2020,189,17.21,32.51,25.945,0,210.318,174.397382,244.35288,1,0,0,0,0,0,,1155.216,880.063826,1424.96592,919
2020,7/8/2020,190,15.91,32.5,25.2975,0,210.318,174.397382,244.35288,1,0,0,0,0,0,,1155.216,880.063826,1424.96592,920
2020,7/9/2020,191,17.53,31.06,24.57,0,210.318,174.397382,244.35288,1,0,0,0,0,0,,1155.216,880.063826,1424.96592,921
2020,7/10/2020,192,15.2,34.97,26.2342,0,210.318,174.397382,244.35288,1,0,0,0,0,0,,1155.216,880.063826,1424.96592,922
2020,7/11/2020,193,15.89,31.4,24.2324,0,210.318,174.397382,244.35288,1,0,0,0,0,0,,1155.216,880.063826,1424.96592,923
2020,7/12/2020,194,17.38,31.12,25.5276,0,210.318,174.397382,244.35288,1,0,0,0,0,0,,1155.216,880.063826,1424.96592,924
2020,7/13/2020,195,17.47,33.95,26.0936,0.254,210.572,174.481964,244.60688,1,0,0,0,0,0,,1155.47,880.148408,1425.21992,925
2020,7/14/2020,196,15.56,24.52,19.508,1.778,212.35,175.074038,246.38488,1,0,0,0,0,0,,1157.248,880.740482,1426.99792,926
2020,7/15/2020,197,13.66,24.1,18.9844,0,212.35,175.074038,246.38488,1,0,0,0,0,0,,1157.248,880.740482,1426.99792,927
2020,7/16/2020,198,14.92,32.06,24.1689,0,212.35,175.074038,246.38488,1,0,0,0,0,0,,1157.248,880.740482,1426.99792,928
2020,7/17/2020,199,18.97,32.38,26.1731,0,212.35,175.074038,246.38488,1,0,0,0,0,0,,1157.248,880.740482,1426.99792,929
2020,7/18/2020,200,19.56,34.54,27.2235,0,212.35,175.074038,246.38488,1,0,0,0,0,0,,1157.248,880.740482,1426.99792,930
2020,7/19/2020,201,14.99,30.51,22.4885,0.254,212.604,175.15862,246.63888,1,0,0,0,0,0,,1157.502,880.825064,1427.25192,931
2020,7/20/2020,202,14.88,30.69,23.4835,0,212.604,175.15862,246.63888,1,0,0,0,0,0,,1157.502,880.825064,1427.25192,932
2020,7/21/2020,203,13.38,28.81,20.428,0,212.604,175.15862,246.63888,1,0,0,0,0,0,,1157.502,880.825064,1427.25192,933
2020,7/22/2020,204,12.17,30.96,21.6321,0,212.604,175.15862,246.63888,1,0,0,0,0,0,,1157.502,880.825064,1427.25192,934
2020,7/23/2020,205,18.92,31.22,24.9375,0,212.604,175.15862,246.63888,1,0,0,0,0,0,,1157.502,880.825064,1427.25192,935
2020,7/24/2020,206,16.97,27.98,20.7167,4.318,216.922,176.596514,250.95688,1,0,0,0,0,0,,1161.82,882.262958,1431.56992,936
2020,7/25/2020,207,16.72,28.82,20.7679,5.842,222.764,178.5419,256.79888,1,0,0,0,0,0,,1167.662,884.208344,1437.41192,937
2020,7/26/2020,208,16.04,25.43,20.1218,0,222.764,178.5419,265.18088,1,0,0,1,12.7,0,,1167.662,884.208344,1445.79392,938
2020,7/27/2020,209,13.52,29.01,20.9165,0,222.764,178.5419,265.18088,1,0,0,0,0,0,,1167.662,884.208344,1445.79392,939
2020,7/28/2020,210,14.96,25.65,20.169,0,222.764,178.5419,265.18088,1,0,0,0,0,0,,1167.662,884.208344,1445.79392,940
2020,7/29/2020,211,14.39,31.9,24.3536,0,222.764,178.5419,265.18088,1,0,0,0,0,0,,1167.662,884.208344,1445.79392,941
2020,7/30/2020,212,13.64,24.3,18.3755,0,222.764,178.5419,265.18088,1,0,0,0,0,1,,1167.662,884.208344,1445.79392,942
2020,7/31/2020,213,12.57,28.78,20.9508,2.032,224.796,179.218556,267.21288,1,0,0,0,0,0,,1169.694,884.885,1447.82592,943
2020,8/1/2020,214,14.03,29.11,21.4696,0,224.796,179.218556,267.21288,1,0,0,0,0,0,,1169.694,884.885,1447.82592,944
2020,8/2/2020,215,15.13,27.24,20.1826,0,224.796,179.218556,267.21288,1,0,0,0,0,0,,1169.694,884.885,1447.82592,945
2020,8/3/2020,216,11.78,29.01,20.891,0,224.796,179.218556,267.21288,1,0,0,0,0,0,,1169.694,884.885,1447.82592,946
2020,8/4/2020,217,14.68,29.49,21.9257,0,224.796,179.218556,267.21288,1,0,0,0,0,0,,1169.694,884.885,1447.82592,947
2020,8/5/2020,218,14.58,29.69,21.286,7.874,232.67,181.840598,275.08688,1,0,0,0,0,0,,1177.568,887.507042,1455.69992,948
2020,8/6/2020,219,15.52,30.58,22.1621,0,232.67,181.840598,281.62484,1,0,0,1,9.906,0,,1177.568,887.507042,1462.23788,949
2020,8/7/2020,220,15.17,33.9,25.9285,0,232.67,181.840598,281.62484,1,0,0,0,0,0,,1177.568,887.507042,1462.23788,950
2020,8/8/2020,221,19.89,33.25,26.911,0,232.67,181.840598,281.62484,1,0,0,0,0,0,,1177.568,887.507042,1462.23788,951
2020,8/9/2020,222,20.77,33.35,27.0263,0,232.67,181.840598,281.62484,1,0,0,0,0,0,,1177.568,887.507042,1462.23788,952
2020,8/10/2020,223,13.39,28.43,21.5731,0,232.67,181.840598,281.62484,1,0,0,0,0,0,,1177.568,887.507042,1462.23788,953
2020,8/11/2020,224,14.92,33.13,24.2327,0,232.67,181.840598,281.62484,1,0,0,0,0,0,,1177.568,887.507042,1462.23788,954
2020,8/12/2020,225,14.85,32.74,23.2018,0,232.67,181.840598,281.62484,1,0,0,0,0,0,,1177.568,887.507042,1462.23788,955
2020,8/13/2020,226,17.3,32.61,25.5584,0,232.67,181.840598,281.62484,1,0,0,0,0,0,,1177.568,887.507042,1462.23788,956
2020,8/14/2020,227,17.61,30.47,24.694,0,232.67,181.840598,281.62484,1,0,0,0,0,0,,1177.568,887.507042,1462.23788,957
2020,8/15/2020,228,14.39,30.55,23.2968,0,232.67,181.840598,281.62484,1,0,0,0,0,0,,1177.568,887.507042,1462.23788,958
2020,8/16/2020,229,16.95,32.22,24.9577,0,232.67,181.840598,281.62484,1,0,0,0,0,0,,1177.568,887.507042,1462.23788,959
2020,8/17/2020,230,14.64,31.91,24.3788,0,232.67,181.840598,281.62484,1,0,0,0,0,0,,1177.568,887.507042,1462.23788,960
2020,8/18/2020,231,20.09,33.95,26.7928,0,232.67,181.840598,281.62484,1,0,0,0,0,0,,1177.568,887.507042,1462.23788,961
2020,8/19/2020,232,17.96,31.66,24.3611,0,232.67,181.840598,281.62484,1,0,0,0,0,0,,1177.568,887.507042,1462.23788,962
2020,8/20/2020,233,14.18,29.45,22.788,0,232.67,181.840598,281.62484,1,0,0,0,0,0,,1177.568,887.507042,1462.23788,963
2020,8/21/2020,234,17.18,31.62,24.8825,0,232.67,181.840598,281.62484,1,0,0,0,0,0,,1177.568,887.507042,1462.23788,964
2020,8/22/2020,235,19.34,33.04,26.4787,0,232.67,181.840598,281.62484,1,0,0,0,0,0,,1177.568,887.507042,1462.23788,965
2020,8/23/2020,236,18.69,33,25.5484,0,232.67,181.840598,281.62484,1,0,0,0,0,0,,1177.568,887.507042,1462.23788,966
2020,8/24/2020,237,21.32,32.43,27.2624,0,232.67,181.840598,281.62484,1,0,0,0,0,0,,1177.568,887.507042,1462.23788,967
2020,8/25/2020,238,20.27,34.1,27.0041,0,232.67,181.840598,281.62484,1,0,0,0,0,0,,1177.568,887.507042,1462.23788,968
2020,8/26/2020,239,16.56,30.84,24.3023,0,232.67,181.840598,281.62484,1,0,0,0,0,0,,1177.568,887.507042,1462.23788,969
2020,8/27/2020,240,15.58,32.21,24.368,0,232.67,181.840598,281.62484,1,0,0,0,0,0,,1177.568,887.507042,1462.23788,970
2020,8/28/2020,241,13.32,24.24,18.767,0.762,233.432,182.094344,282.38684,1,0,0,0,0,0,,1178.33,887.760788,1462.99988,971
2020,8/29/2020,242,11.84,24.57,17.5642,0.762,234.194,182.34809,283.14884,1,0,0,0,0,0,,1179.092,888.014534,1463.76188,972
2020,8/30/2020,243,11.11,30.16,23.2128,0,234.194,182.34809,283.14884,1,0,0,0,0,0,,1179.092,888.014534,1463.76188,973
2020,8/31/2020,244,5.259,19.51,13.0223,2.032,236.226,183.024746,285.18084,1,0,0,0,0,0,,1181.124,888.69119,1465.79388,974
2020,9/1/2020,245,9.75,24.66,17.513,0,236.226,183.024746,285.18084,1,0,0,0,0,0,,1181.124,888.69119,1465.79388,975
2020,9/2/2020,246,12.24,31.17,22.369,0,236.226,183.024746,285.18084,1,0,0,0,0,0,,1181.124,888.69119,1465.79388,976
2020,9/3/2020,247,10.91,27.66,20.3963,0,236.226,183.024746,285.18084,1,0,0,0,0,0,,1181.124,888.69119,1465.79388,977
2020,9/4/2020,248,13.88,29.44,22.5871,0,236.226,183.024746,285.18084,1,0,0,0,0,0,,1181.124,888.69119,1465.79388,978
2020,9/5/2020,249,17.14,34.73,26.6968,0,236.226,183.024746,285.18084,1,0,0,0,0,0,,1181.124,888.69119,1465.79388,979
2020,9/6/2020,250,20.92,34.82,27.7472,0,236.226,183.024746,285.18084,1,0,0,0,0,0,,1181.124,888.69119,1465.79388,980
2020,9/7/2020,251,3.769,31.71,19.4012,1.27,237.496,183.447656,286.45084,1,0,0,0,0,0,,1182.394,889.1141,1467.06388,981
2020,9/8/2020,252,-1.898,3.709,-0.5725,26.16,263.656,192.158936,312.61084,1,0,0,0,0,0,,1208.554,897.82538,1493.22388,982
2020,9/9/2020,253,-2.087,2.165,-0.0225,0.508,264.164,192.3281,313.11884,1,0,0,0,0,0,,1209.062,897.994544,1493.73188,983
2020,9/10/2020,254,0.5,7.943,4.3843,0,264.164,192.3281,313.11884,1,0,0,0,0,0,,1209.062,897.994544,1493.73188,984
2020,9/11/2020,255,1.993,18.23,11.0409,0,264.164,192.3281,313.11884,1,0,0,0,0,0,,1209.062,897.994544,1493.73188,985
2020,9/12/2020,256,10.3,25.45,18.2188,0,264.164,192.3281,333.90488,1,0,0,1,31.494,1,,1209.062,897.994544,1514.51792,986
2020,9/13/2020,257,11.06,26.75,19.2417,0,264.164,192.3281,333.90488,1,0,0,0,0,1,,1209.062,897.994544,1514.51792,987
2020,9/14/2020,258,9.6,28.48,20.4059,0,264.164,192.3281,333.90488,1,0,0,0,0,0,,1209.062,897.994544,1514.51792,988
2020,9/15/2020,259,16.57,28.38,22.3687,0,264.164,192.3281,333.90488,1,0,0,0,0,0,,1209.062,897.994544,1514.51792,989
2020,9/16/2020,260,12.17,21.34,17.5054,0,264.164,192.3281,333.90488,1,0,0,0,0,0,,1209.062,897.994544,1514.51792,990
2020,9/17/2020,261,9.39,27.18,19.2782,0,264.164,192.3281,333.90488,0,0,0,0,0,0,,1209.062,897.994544,1514.51792,991
2020,9/18/2020,262,10.02,24.15,17.3919,0,264.164,192.3281,333.90488,0,0,0,0,0,0,,1209.062,897.994544,1514.51792,992
2020,9/19/2020,263,16.69,27.78,22.5841,0,264.164,192.3281,333.90488,0,0,0,0,0,0,,1209.062,897.994544,1514.51792,993
2020,9/20/2020,264,14.68,26.26,20.0674,0,264.164,192.3281,333.90488,0,0,0,0,0,0,,1209.062,897.994544,1514.51792,994
2020,9/21/2020,265,11.91,26.41,19.6689,0,264.164,192.3281,333.90488,0,0,0,0,0,0,,1209.062,897.994544,1514.51792,995
2020,9/22/2020,266,13.88,27.88,20.343,0,264.164,192.3281,333.90488,0,0,0,0,0,0,,1209.062,897.994544,1514.51792,996
2020,9/23/2020,267,17.16,27.08,21.5432,0,264.164,192.3281,333.90488,0,0,0,0,0,0,,1209.062,897.994544,1514.51792,997
2020,9/24/2020,268,15.12,29.27,22.6814,0,264.164,192.3281,333.90488,0,0,0,0,0,0,,1209.062,897.994544,1514.51792,998
2020,9/25/2020,269,17.21,26.53,21.7113,0,264.164,192.3281,333.90488,0,0,0,0,0,0,,1209.062,897.994544,1514.51792,999
2020,9/26/2020,270,10.89,29.84,21.5648,0,264.164,192.3281,333.90488,0,0,0,0,0,0,,1209.062,897.994544,1514.51792,1000
2020,9/27/2020,271,3.669,13.51,8.2937,0,264.164,192.3281,333.90488,0,0,0,0,0,0,,1209.062,897.994544,1514.51792,1001
2020,9/28/2020,272,2.164,14.05,8.4284,0,264.164,192.3281,333.90488,0,0,0,0,0,0,,1209.062,897.994544,1514.51792,1002
2020,9/29/2020,273,7.523,24.92,18.4637,0,264.164,192.3281,333.90488,0,0,0,0,0,0,,1209.062,897.994544,1514.51792,1003
2020,9/30/2020,274,9.46,20.38,15.9812,0,264.164,192.3281,333.90488,0,0,0,0,0,0,,1209.062,897.994544,1514.51792,1004
2020,10/1/2020,275,3.878,17.12,10.7169,0,264.164,192.3281,333.90488,0,0,0,0,0,0,,1209.062,897.994544,1514.51792,1005
2020,10/2/2020,276,6.788,21.01,15.6918,0,264.164,192.3281,333.90488,0,0,0,0,0,0,,1209.062,897.994544,1514.51792,1006
2020,10/3/2020,277,5.942,16.83,11.3216,0,264.164,192.3281,333.90488,0,0,0,0,0,0,,1209.062,897.994544,1514.51792,1007
2020,10/4/2020,278,7.94,25.47,17.7674,0,264.164,192.3281,333.90488,0,0,0,0,0,0,,1209.062,897.994544,1514.51792,1008
2020,10/5/2020,279,11.64,26.59,19.6183,0,264.164,192.3281,333.90488,0,0,0,0,0,0,,1209.062,897.994544,1514.51792,1009
2020,10/6/2020,280,10.44,27.09,19.0091,0,264.164,192.3281,333.90488,0,0,0,0,0,0,,1209.062,897.994544,1514.51792,1010
2020,10/7/2020,281,9.09,25.63,19.4739,0,264.164,192.3281,333.90488,0,0,0,0,0,0,,1209.062,897.994544,1514.51792,1011
2020,10/8/2020,282,7.594,26.64,18.5373,0,264.164,192.3281,333.90488,0,0,0,0,0,0,,1209.062,897.994544,1514.51792,1012
2020,10/9/2020,283,14.13,27.51,20.785,0,264.164,192.3281,333.90488,0,0,0,0,0,0,,1209.062,897.994544,1514.51792,1013
2020,10/10/2020,284,11.62,24.05,18.2604,0,264.164,192.3281,333.90488,0,0,0,0,0,0,,1209.062,897.994544,1514.51792,1014
2020,10/11/2020,285,6.886,22.11,13.5616,0,264.164,192.3281,333.90488,0,0,0,0,0,0,,1209.062,897.994544,1514.51792,1015
2020,10/12/2020,286,6.386,20.51,15.0491,0,264.164,192.3281,333.90488,0,0,0,0,0,0,,1209.062,897.994544,1514.51792,1016
2020,10/13/2020,287,9.39,25.27,17.507,0,264.164,192.3281,333.90488,0,0,0,0,0,0,,1209.062,897.994544,1514.51792,1017
2020,10/14/2020,288,3.974,25.42,15.926,0,264.164,192.3281,333.90488,0,0,0,0,0,0,,1209.062,897.994544,1514.51792,1018
2020,10/15/2020,289,-1.142,10.01,3.7284,0,264.164,192.3281,333.90488,0,0,0,0,0,0,,1209.062,897.994544,1514.51792,1019
2020,10/16/2020,290,-2.44,20.05,9.6665,0,264.164,192.3281,333.90488,0,0,0,0,0,0,,1209.062,897.994544,1514.51792,1020
2020,10/17/2020,291,2.866,21.77,14.621,0,264.164,192.3281,333.90488,0,0,0,0,0,0,,1209.062,897.994544,1514.51792,1021
2020,10/18/2020,292,-0.828,6.548,1.7492,0,264.164,192.3281,333.90488,0,0,0,0,0,0,,1209.062,897.994544,1514.51792,1022
2020,10/19/2020,293,-0.569,18.26,10.7871,0,264.164,192.3281,333.90488,0,0,0,0,0,0,,1209.062,897.994544,1514.51792,1023
2020,10/20/2020,294,4.929,19.03,13.0272,0,264.164,192.3281,333.90488,0,0,0,0,0,0,,1209.062,897.994544,1514.51792,1024
2020,10/21/2020,295,1.96,21.49,11.5667,0,264.164,192.3281,333.90488,0,0,0,0,0,0,,1209.062,897.994544,1514.51792,1025
2020,10/22/2020,296,-6.575,17.98,0.5638,0.254,264.418,192.5821,334.15888,0,0,0,0,0,0,,1209.316,898.248544,1514.77192,1026
2020,10/23/2020,297,-7.506,-1.802,-4.984,0,264.418,192.5821,334.15888,0,0,0,0,0,0,,1209.316,898.248544,1514.77192,1027
2020,10/24/2020,298,-5.841,12.99,2.4156,0,264.418,192.5821,334.15888,0,0,0,0,0,0,,1209.316,898.248544,1514.77192,1028
2020,10/25/2020,299,-15.07,-4.9,-12.1862,8.89,273.308,201.4721,343.04888,0,0,0,0,0,0,,1218.206,907.138544,1523.66192,1029
2020,10/26/2020,300,-16.46,-7.782,-13.1859,1.27,274.578,202.7421,344.31888,0,0,0,0,0,0,,1219.476,908.408544,1524.93192,1030
2020,10/27/2020,301,-10.05,4.761,-1.8749,0,274.578,202.7421,344.31888,0,0,0,0,0,0,,1219.476,908.408544,1524.93192,1031
2020,10/28/2020,302,-0.98,8.76,4.3567,0,274.578,202.7421,344.31888,0,0,0,0,0,0,,1219.476,908.408544,1524.93192,1032
2020,10/29/2020,303,1.011,17.84,8.8802,0,274.578,202.7421,344.31888,0,0,0,0,0,0,,1219.476,908.408544,1524.93192,1033
2020,10/30/2020,304,4.842,18.04,11.9578,0,274.578,202.7421,344.31888,0,0,0,0,0,0,,1219.476,908.408544,1524.93192,1034
2020,10/31/2020,305,2.885,16.47,10.096,0,274.578,202.7421,344.31888,0,0,0,0,0,0,,1219.476,908.408544,1524.93192,1035
2020,11/1/2020,306,1.509,19.72,9.8892,0,274.578,202.7421,344.31888,0,0,0,0,0,0,,1219.476,908.408544,1524.93192,1036
2020,11/2/2020,307,7.433,22.53,15.2196,0,274.578,202.7421,344.31888,0,0,0,0,0,0,,1219.476,908.408544,1524.93192,1037
2020,11/3/2020,308,9.6,23.16,17.5465,0,274.578,202.7421,344.31888,0,0,0,0,0,0,,1219.476,908.408544,1524.93192,1038
2020,11/4/2020,309,12.53,22.21,17.9703,0,274.578,202.7421,344.31888,0,0,1,0,0,0,No cows for fall graze; simulated with weed whipping,1219.476,908.408544,1524.93192,1039
2020,11/5/2020,310,10.62,22.71,16.1263,0,274.578,202.7421,344.31888,0,0,0,0,0,0,,1219.476,908.408544,1524.93192,1040
2020,11/6/2020,311,7.269,19.78,15.0557,0,274.578,202.7421,344.31888,0,0,0,0,0,0,,1219.476,908.408544,1524.93192,1041
2020,11/7/2020,312,9.6,18.74,13.8683,0,274.578,202.7421,344.31888,0,0,0,0,0,0,,1219.476,908.408544,1524.93192,1042
2020,11/8/2020,313,2.25,13.49,8.6623,0,274.578,202.7421,344.31888,0,0,0,0,0,0,,1219.476,908.408544,1524.93192,1043
2020,11/9/2020,314,-4.666,4.774,-1.5619,5.08,279.658,207.8221,349.39888,0,0,0,0,0,0,,1224.556,913.488544,1530.01192,1044
2020,11/10/2020,315,-6.811,5.847,0.5421,0,279.658,207.8221,349.39888,0,0,0,0,0,0,,1224.556,913.488544,1530.01192,1045
2020,11/11/2020,316,-3.22,5.791,1.5443,0,279.658,207.8221,349.39888,0,0,0,0,0,0,,1224.556,913.488544,1530.01192,1046
2020,11/12/2020,317,-6.321,6.243,0.8773,0,279.658,207.8221,349.39888,0,0,0,0,0,0,,1224.556,913.488544,1530.01192,1047
2020,11/13/2020,318,-2.652,14.42,7.4834,0,279.658,207.8221,349.39888,0,0,0,0,0,0,,1224.556,913.488544,1530.01192,1048
2020,11/14/2020,319,-2.057,9.66,2.8338,0,279.658,207.8221,349.39888,0,0,0,0,0,0,,1224.556,913.488544,1530.01192,1049
2020,11/15/2020,320,-3.597,11.45,5.6542,0,279.658,207.8221,349.39888,0,0,0,0,0,0,,1224.556,913.488544,1530.01192,1050
2020,11/16/2020,321,4.086,17.96,11.7193,0,279.658,207.8221,349.39888,0,0,0,0,0,0,,1224.556,913.488544,1530.01192,1051
2020,11/17/2020,322,5.774,20.46,13.7777,0,279.658,207.8221,349.39888,0,0,0,0,0,0,,1224.556,913.488544,1530.01192,1052
2020,11/18/2020,323,10.2,20.9,15.6817,0,279.658,207.8221,349.39888,0,0,0,0,0,0,,1224.556,913.488544,1530.01192,1053
2020,11/19/2020,324,3.111,15.58,9.8002,0,279.658,207.8221,349.39888,0,0,0,0,0,0,,1224.556,913.488544,1530.01192,1054
2020,11/20/2020,325,0.854,9,4.2133,0,279.658,207.8221,349.39888,0,0,0,0,0,0,,1224.556,913.488544,1530.01192,1055
2020,11/21/2020,326,-3.579,7.547,1.7705,0,279.658,207.8221,349.39888,0,0,0,0,0,0,,1224.556,913.488544,1530.01192,1056
2020,11/22/2020,327,-6.059,5.526,-0.0537,0,279.658,207.8221,349.39888,0,0,0,0,0,0,,1224.556,913.488544,1530.01192,1057
2020,11/23/2020,328,-2.129,14.34,6.3404,0,279.658,207.8221,349.39888,0,0,0,0,0,0,,1224.556,913.488544,1530.01192,1058
2020,11/24/2020,329,-3.523,5.818,-0.2571,12.45,292.108,220.2721,361.84888,0,0,0,0,0,0,,1237.006,925.938544,1542.46192,1059
2020,11/25/2020,330,-3.324,9.17,3.0633,0,292.108,220.2721,361.84888,0,0,0,0,0,0,,1237.006,925.938544,1542.46192,1060
2020,11/26/2020,331,-3.913,4.321,0.652,0,292.108,220.2721,361.84888,0,0,0,0,0,0,,1237.006,925.938544,1542.46192,1061
2020,11/27/2020,332,-5.605,3.72,-1.1718,0,292.108,220.2721,361.84888,0,0,0,0,0,0,,1237.006,925.938544,1542.46192,1062
2020,11/28/2020,333,-0.38,11.38,5.4022,0,292.108,220.2721,361.84888,0,0,0,0,0,0,,1237.006,925.938544,1542.46192,1063
2020,11/29/2020,334,-3.874,4.409,-0.8851,0,292.108,220.2721,361.84888,0,0,0,0,0,0,,1237.006,925.938544,1542.46192,1064
2020,11/30/2020,335,-3.685,13.81,6.2533,0,292.108,220.2721,361.84888,0,0,0,0,0,0,,1237.006,925.938544,1542.46192,1065
2020,12/1/2020,336,-4.819,8.12,1.539,0,292.108,220.2721,361.84888,0,0,0,0,0,0,,1237.006,925.938544,1542.46192,1066
2020,12/2/2020,337,-10.27,-1.68,-5.5446,0,292.108,220.2721,361.84888,0,0,0,0,0,0,,1237.006,925.938544,1542.46192,1067
2020,12/3/2020,338,-6.038,7.304,1.2032,0,292.108,220.2721,361.84888,0,0,0,0,0,0,,1237.006,925.938544,1542.46192,1068
2020,12/4/2020,339,0.301,13.68,6.3391,0,292.108,220.2721,361.84888,0,0,0,0,0,0,,1237.006,925.938544,1542.46192,1069
2020,12/5/2020,340,-0.24,10.42,4.9454,0,292.108,220.2721,361.84888,0,0,0,0,0,0,,1237.006,925.938544,1542.46192,1070
2020,12/6/2020,341,2.509,14.83,7.6447,0,292.108,220.2721,361.84888,0,0,0,0,0,0,,1237.006,925.938544,1542.46192,1071
2020,12/7/2020,342,1.274,14.09,7.7967,0,292.108,220.2721,361.84888,0,0,0,0,0,0,,1237.006,925.938544,1542.46192,1072
2020,12/8/2020,343,2.878,17.37,10.627,0,292.108,220.2721,361.84888,0,0,0,0,0,0,,1237.006,925.938544,1542.46192,1073
2020,12/9/2020,344,2.907,17.99,11.8171,0,292.108,220.2721,361.84888,0,0,0,0,0,0,,1237.006,925.938544,1542.46192,1074
2020,12/10/2020,345,-4.583,11.93,2.2971,0.762,292.87,221.0341,362.61088,0,0,0,0,0,0,,1237.768,926.700544,1543.22392,1075
2020,12/11/2020,346,-10.62,-4.473,-6.0969,3.048,295.918,224.0821,365.65888,0,0,0,0,0,0,,1240.816,929.748544,1546.27192,1076
2020,12/12/2020,347,-11.49,-6.463,-7.7988,0.762,296.68,224.8441,366.42088,0,0,0,0,0,0,,1241.578,930.510544,1547.03392,1077
2020,12/13/2020,348,-12.41,-0.681,-7.1395,0,296.68,224.8441,366.42088,0,0,0,0,0,0,,1241.578,930.510544,1547.03392,1078
2020,12/14/2020,349,-11.22,0.708,-4.8003,1.016,297.696,225.8601,367.43688,0,0,0,0,0,0,,1242.594,931.526544,1548.04992,1079
2020,12/15/2020,350,-7.915,0.848,-3.5977,0,297.696,225.8601,367.43688,0,0,0,0,0,0,,1242.594,931.526544,1548.04992,1080
2020,12/16/2020,351,-1.627,3.936,1.7472,0,297.696,225.8601,367.43688,0,0,0,0,0,0,,1242.594,931.526544,1548.04992,1081
2020,12/17/2020,352,-2.204,10.74,4.8984,0,297.696,225.8601,367.43688,0,0,0,0,0,0,,1242.594,931.526544,1548.04992,1082
2020,12/18/2020,353,-4.066,6.143,0.6089,0,297.696,225.8601,367.43688,0,0,0,0,0,0,,1242.594,931.526544,1548.04992,1083
2020,12/19/2020,354,-4.261,5.902,2.4848,0,297.696,225.8601,367.43688,0,0,0,0,0,0,,1242.594,931.526544,1548.04992,1084
2020,12/20/2020,355,0.262,10.51,7.0482,0,297.696,225.8601,367.43688,0,0,0,0,0,0,,1242.594,931.526544,1548.04992,1085
2020,12/21/2020,356,3.537,12.34,9.1747,0,297.696,225.8601,367.43688,0,0,0,0,0,0,,1242.594,931.526544,1548.04992,1086
2020,12/22/2020,357,-3.061,16.1,7.5878,0,297.696,225.8601,367.43688,0,0,0,0,0,0,,1242.594,931.526544,1548.04992,1087
2020,12/23/2020,358,-6.754,-2.842,-4.8422,0,297.696,225.8601,367.43688,0,0,0,0,0,0,,1242.594,931.526544,1548.04992,1088
2020,12/24/2020,359,-3.64,10.29,3.2252,0,297.696,225.8601,367.43688,0,0,0,0,0,0,,1242.594,931.526544,1548.04992,1089
2020,12/25/2020,360,4.114,14.13,9.111,0,297.696,225.8601,367.43688,0,0,0,0,0,0,,1242.594,931.526544,1548.04992,1090
2020,12/26/2020,361,2.799,14.93,10.0851,0,297.696,225.8601,367.43688,0,0,0,0,0,0,,1242.594,931.526544,1548.04992,1091
2020,12/27/2020,362,-4.1,4.302,2.147,0,297.696,225.8601,367.43688,0,0,0,0,0,0,,1242.594,931.526544,1548.04992,1092
2020,12/28/2020,363,-4.436,-1.839,-3.4927,1.016,298.712,226.8761,368.45288,0,0,0,0,0,0,,1243.61,932.542544,1549.06592,1093
2020,12/29/2020,364,-9.73,-0.28,-4.48,0.508,299.22,227.3841,368.96088,0,0,0,0,0,0,,1244.118,933.050544,1549.57392,1094
2020,12/30/2020,365,-11.55,5.095,-0.5362,0,299.22,227.3841,368.96088,0,0,0,0,0,0,,1244.118,933.050544,1549.57392,1095
2020,12/31/2020,366,-4.576,5.073,0.4889,0,299.22,227.3841,368.96088,0,0,0,0,0,0,,1244.118,933.050544,1549.57392,1096
2021,1/1/2021,1,-4.496,4.103,-0.9752,0,0,0,0,0,0,0,0,0,0,,1244.118,933.050544,1549.57392,1097
2021,1/2/2021,2,-3.939,9.32,2.9012,0,0,0,0,0,0,0,0,0,0,,1244.118,933.050544,1549.57392,1098
2021,1/3/2021,3,1.801,8.71,5.3283,0,0,0,0,0,0,0,0,0,0,,1244.118,933.050544,1549.57392,1099
2021,1/4/2021,4,0.143,12.28,5.8971,0,0,0,0,0,0,0,0,0,0,,1244.118,933.050544,1549.57392,1100
2021,1/5/2021,5,-4.311,9.51,4.3006,0,0,0,0,0,0,0,0,0,0,,1244.118,933.050544,1549.57392,1101
2021,1/6/2021,6,-4.89,4.344,-0.2188,0,0,0,0,0,0,0,0,0,0,,1244.118,933.050544,1549.57392,1102
2021,1/7/2021,7,-2.293,10.75,1.6356,0,0,0,0,0,0,0,0,0,0,,1244.118,933.050544,1549.57392,1103
2021,1/8/2021,8,-4.64,5.292,0.3759,0,0,0,0,0,0,0,0,0,0,,1244.118,933.050544,1549.57392,1104
2021,1/9/2021,9,-5.336,-1.879,-3.6746,2.794,2.794,2.794,2.794,0,0,0,0,0,0,,1246.912,935.844544,1552.36792,1105
2021,1/10/2021,10,-9.12,-1.093,-4.4633,0.254,3.048,3.048,3.048,0,0,0,0,0,0,,1247.166,936.098544,1552.62192,1106
2021,1/11/2021,11,-6.875,6.294,-1.1546,0,3.048,3.048,3.048,0,0,0,0,0,0,,1247.166,936.098544,1552.62192,1107
2021,1/12/2021,12,-4.429,11.08,5.2615,0,3.048,3.048,3.048,0,0,0,0,0,0,,1247.166,936.098544,1552.62192,1108
2021,1/13/2021,13,4.686,14.87,10.4989,0,3.048,3.048,3.048,0,0,0,0,0,0,,1247.166,936.098544,1552.62192,1109
2021,1/14/2021,14,-8.56,4.729,-2.0461,0,3.048,3.048,3.048,0,0,0,0,0,0,,1247.166,936.098544,1552.62192,1110
2021,1/15/2021,15,-7.982,7.45,0.3059,0,3.048,3.048,3.048,0,0,0,0,0,0,,1247.166,936.098544,1552.62192,1111
2021,1/16/2021,16,-3.827,8.05,3.5523,0,3.048,3.048,3.048,0,0,0,0,0,0,,1247.166,936.098544,1552.62192,1112
2021,1/17/2021,17,-4.138,8.18,2.9918,0,3.048,3.048,3.048,0,0,0,0,0,0,,1247.166,936.098544,1552.62192,1113
2021,1/18/2021,18,-5.289,6.722,-0.8753,0,3.048,3.048,3.048,0,0,0,0,0,0,,1247.166,936.098544,1552.62192,1114
2021,1/19/2021,19,-6.749,1.535,-3.1421,0,3.048,3.048,3.048,0,0,0,0,0,0,,1247.166,936.098544,1552.62192,1115
2021,1/20/2021,20,-1.659,10.99,6.8975,0,3.048,3.048,3.048,0,0,0,0,0,0,,1247.166,936.098544,1552.62192,1116
2021,1/21/2021,21,-3.831,7.155,3.9912,0,3.048,3.048,3.048,0,0,0,0,0,0,,1247.166,936.098544,1552.62192,1117
2021,1/22/2021,22,-6.406,7.024,-0.8128,0,3.048,3.048,3.048,0,0,0,0,0,0,,1247.166,936.098544,1552.62192,1118
2021,1/23/2021,23,-6.287,5.947,-1.8465,0,3.048,3.048,3.048,0,0,0,0,0,0,,1247.166,936.098544,1552.62192,1119
2021,1/24/2021,24,-6.598,-1.09,-4.8356,0,3.048,3.048,3.048,0,0,0,0,0,0,,1247.166,936.098544,1552.62192,1120
2021,1/25/2021,25,-8.97,0.224,-4.9922,0,3.048,3.048,3.048,0,0,0,0,0,0,,1247.166,936.098544,1552.62192,1121
2021,1/26/2021,26,-10.99,-7.161,-8.5573,0.762,3.81,3.81,3.81,0,0,0,0,0,0,,1247.928,936.860544,1553.38392,1122
2021,1/27/2021,27,-13.65,6.688,-5.3991,0,3.81,3.81,3.81,0,0,0,0,0,0,,1247.928,936.860544,1553.38392,1123
2021,1/28/2021,28,0.322,12.23,5.2044,0,3.81,3.81,3.81,0,0,0,0,0,0,,1247.928,936.860544,1553.38392,1124
2021,1/29/2021,29,0.187,13.41,6.9206,0,3.81,3.81,3.81,0,0,0,0,0,0,,1247.928,936.860544,1553.38392,1125
2021,1/30/2021,30,1.949,8.76,5.1198,0,3.81,3.81,3.81,0,0,0,0,0,0,,1247.928,936.860544,1553.38392,1126
2021,1/31/2021,31,-4.815,9.31,2.8161,0,3.81,3.81,3.81,0,0,0,0,0,0,,1247.928,936.860544,1553.38392,1127
2021,2/1/2021,32,-1.045,14.26,6.0793,0,3.81,3.81,3.81,0,0,0,0,0,0,,1247.928,936.860544,1553.38392,1128
2021,2/2/2021,33,4.273,16.55,10.6586,0,3.81,3.81,3.81,0,0,0,0,0,0,,1247.928,936.860544,1553.38392,1129
2021,2/3/2021,34,-1.064,16.03,8.1113,0,3.81,3.81,3.81,0,0,0,0,0,0,,1247.928,936.860544,1553.38392,1130
2021,2/4/2021,35,-7.607,1.835,-1.6526,0,3.81,3.81,3.81,0,0,0,0,0,0,,1247.928,936.860544,1553.38392,1131
2021,2/5/2021,36,-2.117,5.367,0.6709,0,3.81,3.81,3.81,0,0,0,0,0,0,,1247.928,936.860544,1553.38392,1132
2021,2/6/2021,37,-4.437,4.576,0.9099,0,3.81,3.81,3.81,0,0,0,0,0,0,,1247.928,936.860544,1553.38392,1133
2021,2/7/2021,38,-12.94,9.9,1.4573,0,3.81,3.81,3.81,0,0,0,0,0,0,,1247.928,936.860544,1553.38392,1134
2021,2/8/2021,39,-14.05,-2.268,-9.0755,0,3.81,3.81,3.81,0,0,0,0,0,0,,1247.928,936.860544,1553.38392,1135
2021,2/9/2021,40,-13.56,-1.613,-8.4577,0,3.81,3.81,3.81,0,0,0,0,0,0,,1247.928,936.860544,1553.38392,1136
2021,2/10/2021,41,-12.61,-0.935,-8.4847,0,3.81,3.81,3.81,0,0,0,0,0,0,,1247.928,936.860544,1553.38392,1137
2021,2/11/2021,42,-15.99,-6.203,-10.7981,0,3.81,3.81,3.81,0,0,0,0,0,0,,1247.928,936.860544,1553.38392,1138
2021,2/12/2021,43,-19.3,-14.78,-16.9414,0.254,4.064,4.064,4.064,0,0,0,0,0,0,,1248.182,937.114544,1553.63792,1139
2021,2/13/2021,44,-21.82,-17.51,-19.8634,0.254,4.318,4.318,4.318,0,0,0,0,0,0,,1248.436,937.368544,1553.89192,1140
2021,2/14/2021,45,-24.61,-19.31,-22.3463,0.254,4.572,4.572,4.572,0,0,0,0,0,0,,1248.69,937.622544,1554.14592,1141
2021,2/15/2021,46,-24.33,-1.561,-13.5347,0,4.572,4.572,4.572,0,0,0,0,0,0,,1248.69,937.622544,1554.14592,1142
2021,2/16/2021,47,-12.02,3.371,-1.2309,0,4.572,4.572,4.572,0,0,0,0,0,0,,1248.69,937.622544,1554.14592,1143
2021,2/17/2021,48,-7.581,-2.802,-5.2298,5.08,9.652,9.652,9.652,0,0,0,0,0,0,,1253.77,942.702544,1559.22592,1144
2021,2/18/2021,49,-12.22,-2.602,-6.9654,1.016,10.668,10.668,10.668,0,0,0,0,0,0,,1254.786,943.718544,1560.24192,1145
2021,2/19/2021,50,-9.5,5.332,0.3183,0,10.668,10.668,10.668,0,0,0,0,0,0,,1254.786,943.718544,1560.24192,1146
2021,2/20/2021,51,-2.631,9.08,2.8381,0.762,11.43,11.43,11.43,0,0,0,0,0,0,,1255.548,944.480544,1561.00392,1147
2021,2/21/2021,52,-3.684,3.329,-0.0683,0,11.43,11.43,11.43,0,0,0,0,0,0,,1255.548,944.480544,1561.00392,1148
2021,2/22/2021,53,2.722,11.99,7.2062,0,11.43,11.43,11.43,0,0,0,0,0,0,,1255.548,944.480544,1561.00392,1149
2021,2/23/2021,54,-5.361,14.58,8.9325,0,11.43,11.43,11.43,0,0,0,0,0,0,,1255.548,944.480544,1561.00392,1150
2021,2/24/2021,55,-6.713,3.182,-3.0817,4.826,16.256,16.256,16.256,0,0,0,0,0,0,,1260.374,949.306544,1565.82992,1151
2021,2/25/2021,56,-11.92,-3.305,-6.9935,4.572,20.828,20.828,20.828,0,0,0,0,0,0,,1264.946,953.878544,1570.40192,1152
2021,2/26/2021,57,-10.8,5.021,-0.7977,0,20.828,20.828,20.828,0,0,0,0,0,0,,1264.946,953.878544,1570.40192,1153
2021,2/27/2021,58,-5.63,0.151,-2.963,0,20.828,20.828,20.828,0,0,0,0,0,0,,1264.946,953.878544,1570.40192,1154
2021,2/28/2021,59,-7.751,0.404,-3.1308,0,20.828,20.828,20.828,0,0,0,0,0,0,,1264.946,953.878544,1570.40192,1155
2021,3/1/2021,60,-6.414,7.733,0.5218,0,20.828,20.828,20.828,0,0,0,0,0,0,,1264.946,953.878544,1570.40192,1156
2021,3/2/2021,61,-0.394,14.79,7.1376,0,20.828,20.828,20.828,0,0,0,0,0,0,,1264.946,953.878544,1570.40192,1157
2021,3/3/2021,62,1.767,14.82,7.9783,0,20.828,20.828,20.828,0,0,0,0,0,0,,1264.946,953.878544,1570.40192,1158
2021,3/4/2021,63,-0.56,7.065,3.16,0,20.828,20.828,20.828,0,0,0,0,0,0,,1264.946,953.878544,1570.40192,1159
2021,3/5/2021,64,1.359,13.55,7.2217,0,20.828,20.828,20.828,0,0,0,0,0,0,,1264.946,953.878544,1570.40192,1160
2021,3/6/2021,65,1.04,17.56,10.1459,0,20.828,20.828,20.828,0,0,0,0,0,0,,1264.946,953.878544,1570.40192,1161
2021,3/7/2021,66,5.421,18.62,13.2802,0,20.828,20.828,20.828,0,0,0,0,0,0,,1264.946,953.878544,1570.40192,1162
2021,3/8/2021,67,2.617,18.4,9.8875,0,20.828,20.828,20.828,0,0,0,0,0,0,,1264.946,953.878544,1570.40192,1163
2021,3/9/2021,68,4.198,17.36,10.5044,0,20.828,20.828,20.828,0,0,0,0,0,0,,1264.946,953.878544,1570.40192,1164
2021,3/10/2021,69,-3.831,6.924,1.5352,2.54,23.368,23.368,23.368,0,0,0,0,0,0,,1267.486,956.418544,1572.94192,1165
2021,3/11/2021,70,-5.579,4.614,-0.4564,0.762,24.13,24.13,24.13,0,0,0,0,0,0,,1268.248,957.180544,1573.70392,1166
2021,3/12/2021,71,-1.047,2.666,0.7383,1.016,25.146,25.146,25.146,0,0,0,0,0,0,,1269.264,958.196544,1574.71992,1167
2021,3/13/2021,72,-2.281,1.162,-0.6435,14.48,39.626,39.626,39.626,0,0,0,0,0,0,,1283.744,972.676544,1589.19992,1168
2021,3/14/2021,73,-5.951,-1.312,-2.8763,15.49,55.116,55.116,55.116,0,0,0,0,0,0,,1299.234,988.166544,1604.68992,1169
2021,3/15/2021,74,-8.66,7.376,-1.9575,0,55.116,55.116,55.116,0,0,0,0,0,0,,1299.234,988.166544,1604.68992,1170
2021,3/16/2021,75,-6.109,1.921,-2.1074,0.254,55.37,55.37,55.37,0,0,0,0,0,0,,1299.488,988.420544,1604.94392,1171
2021,3/17/2021,76,-4.487,3.161,-1.2171,0,55.37,55.37,55.37,0,0,0,0,0,0,,1299.488,988.420544,1604.94392,1172
2021,3/18/2021,77,-4.79,4.074,-0.0208,0,55.37,55.37,55.37,0,0,0,0,0,0,,1299.488,988.420544,1604.94392,1173
2021,3/19/2021,78,-3.004,13.69,5.1262,0,55.37,55.37,55.37,0,0,0,0,0,0,,1299.488,988.420544,1604.94392,1174
2021,3/20/2021,79,3.813,16.02,9.1783,0,55.37,55.37,55.37,0,0,0,0,0,0,,1299.488,988.420544,1604.94392,1175
2021,3/21/2021,80,-2.591,10.28,1.6692,9.91,65.28,65.28,65.28,0,0,0,0,0,0,,1309.398,998.330544,1614.85392,1176
2021,3/22/2021,81,-2.707,5.397,-0.4855,2.54,67.82,67.82,67.82,0,0,0,0,0,0,,1311.938,1000.870544,1617.39392,1177
2021,3/23/2021,82,-2.511,2.435,-0.3042,0.762,68.582,68.582,68.582,0,0,0,0,0,0,,1312.7,1001.632544,1618.15592,1178
2021,3/24/2021,83,-3.451,1.355,-1.3831,1.016,69.598,69.598,69.598,0,0,0,0,0,0,,1313.716,1002.648544,1619.17192,1179
2021,3/25/2021,84,-3.218,7.585,3.0096,0,69.598,69.598,69.598,0,0,0,0,0,0,,1313.716,1002.648544,1619.17192,1180
2021,3/26/2021,85,-1.005,5.351,1.941,0,69.598,69.598,69.598,0,0,0,0,0,0,,1313.716,1002.648544,1619.17192,1181
2021,3/27/2021,86,-0.742,9.28,4.4206,0,69.598,69.598,69.598,0,0,0,0,0,0,,1313.716,1002.648544,1619.17192,1182
2021,3/28/2021,87,2.112,15.73,10.1919,0,69.598,69.598,69.598,0,0,0,0,0,0,,1313.716,1002.648544,1619.17192,1183
2021,3/29/2021,88,-3.192,19.89,11.5042,0,69.598,69.598,69.598,0,0,0,0,0,0,,1313.716,1002.648544,1619.17192,1184
2021,3/30/2021,89,-5.661,3.271,-1.9723,0.508,70.106,70.106,70.106,0,0,0,0,0,0,,1314.224,1003.156544,1619.67992,1185
2021,3/31/2021,90,-4.109,10.43,3.0516,0,70.106,70.106,70.106,0,0,0,0,0,0,,1314.224,1003.156544,1619.67992,1186
2021,4/1/2021,91,-2.496,19.88,8.7712,0,70.106,70.106,70.106,0,0,0,0,0,0,,1314.224,1003.156544,1619.67992,1187
2021,4/2/2021,92,8.23,20.74,14.9715,0,70.106,70.106,70.106,0,0,0,0,0,0,,1314.224,1003.156544,1619.67992,1188
2021,4/3/2021,93,7.533,23.11,15.7928,0,70.106,70.106,70.106,0,0,0,0,0,0,,1314.224,1003.156544,1619.67992,1189
2021,4/4/2021,94,8.18,23.86,16.785,0,70.106,70.106,70.106,0,0,0,0,0,0,,1314.224,1003.156544,1619.67992,1190
2021,4/5/2021,95,9.24,23.51,17.2364,0,70.106,70.106,70.106,0,0,0,0,0,0,,1314.224,1003.156544,1619.67992,1191
2021,4/6/2021,96,-0.889,10.67,5.2255,6.604,76.71,76.71,76.71,0,0,0,0,0,0,,1320.828,1009.760544,1626.28392,1192
2021,4/7/2021,97,-1.197,13.96,6.9921,0,76.71,76.71,76.71,0,0,0,0,0,0,,1320.828,1009.760544,1626.28392,1193
2021,4/8/2021,98,4.802,19.25,12.9889,0,76.71,76.71,76.71,0,0,0,0,0,0,,1320.828,1009.760544,1626.28392,1194
2021,4/9/2021,99,-1.445,10.53,5.0399,0,76.71,76.71,76.71,0,0,0,0,0,0,,1320.828,1009.760544,1626.28392,1195
2021,4/10/2021,100,-2.636,18.73,8.7255,0,76.71,76.71,76.71,0,0,0,0,0,0,,1320.828,1009.760544,1626.28392,1196
2021,4/11/2021,101,-0.599,13.58,6.9963,0,76.71,76.71,76.71,0,0,0,0,0,0,,1320.828,1009.760544,1626.28392,1197
2021,4/12/2021,102,-4.144,2.581,-0.3877,0,76.71,76.71,76.71,0,0,0,0,0,0,,1320.828,1009.760544,1626.28392,1198
2021,4/13/2021,103,-4.411,3.435,-0.7906,1.016,77.726,77.726,77.726,0,0,0,0,0,0,,1321.844,1010.776544,1627.29992,1199
2021,4/14/2021,104,-4.785,2.826,-1.3912,0,77.726,77.726,77.726,0,0,0,0,0,0,,1321.844,1010.776544,1627.29992,1200
2021,4/15/2021,105,-3.553,1.1,-1.2206,6.858,84.584,84.584,84.584,0,0,0,0,0,0,,1328.702,1017.634544,1634.15792,1201
2021,4/16/2021,106,-4.397,-0.728,-2.7733,5.842,90.426,90.426,90.426,0,0,0,0,0,0,,1334.544,1023.476544,1639.99992,1202
2021,4/17/2021,107,-3.441,4.431,-0.1204,0,90.426,90.426,90.426,0,0,0,0,0,0,,1334.544,1023.476544,1639.99992,1203
2021,4/18/2021,108,-1.464,11.18,5.3137,0,90.426,90.426,90.426,0,0,0,0,0,0,,1334.544,1023.476544,1639.99992,1204
2021,4/19/2021,109,-8.24,9.55,-0.6963,9.91,100.336,100.336,100.336,0,0,0,0,0,0,,1344.454,1033.386544,1649.90992,1205
2021,4/20/2021,110,-12.08,-1.438,-5.2672,0.762,101.098,101.098,101.098,0,0,0,0,0,0,,1345.216,1034.148544,1650.67192,1206
2021,4/21/2021,111,-4.706,-1.906,-3.4419,0.762,101.86,101.86,101.86,0,0,0,0,0,0,,1345.978,1034.910544,1651.43392,1207
2021,4/22/2021,112,-5.022,9.33,2.187,0.254,102.114,102.114,102.114,0,0,0,0,0,0,,1346.232,1035.164544,1651.68792,1208
2021,4/23/2021,113,1.56,11.1,6.1121,0.254,102.368,102.368,102.368,0,0,0,0,0,0,,1346.486,1035.418544,1651.94192,1209
2021,4/24/2021,114,-0.197,16.36,7.5657,0,102.368,102.368,102.368,0,0,0,0,0,0,,1346.486,1035.418544,1651.94192,1210
2021,4/25/2021,115,5.907,24.58,15.191,0,102.368,102.368,102.368,0,0,0,0,0,0,,1346.486,1035.418544,1651.94192,1211
2021,4/26/2021,116,8.26,22.13,16.3175,0,102.368,102.368,102.368,0,0,0,0,0,0,,1346.486,1035.418544,1651.94192,1212
2021,4/27/2021,117,0.339,13.4,7.2652,24.38,126.748,126.748,126.748,0,0,0,0,0,0,,1370.866,1059.798544,1676.32192,1213
2021,4/28/2021,118,0.284,13.32,6.7629,10.41,137.158,137.158,137.158,0,0,0,0,0,0,,1381.276,1070.208544,1686.73192,1214
2021,4/29/2021,119,7.282,18.49,12.4798,0,137.158,137.158,137.158,0,0,0,0,0,0,,1381.276,1070.208544,1686.73192,1215
2021,4/30/2021,120,8.97,24.56,17.444,0,137.158,137.158,137.158,1,0,0,0,0,0,,1381.276,1070.208544,1686.73192,1216
2021,5/1/2021,121,13.93,26.99,20.9957,0,137.158,137.158,137.158,1,0,0,0,0,0,,1381.276,1070.208544,1686.73192,1217
2021,5/2/2021,122,4.922,17.2,11.4052,23.11,160.268,144.85363,160.268,1,0,0,0,0,0,,1404.386,1077.904174,1709.84192,1218
2021,5/3/2021,123,0.068,4.919,1.4958,25.65,185.918,153.39508,185.918,1,0,0,0,0,0,,1430.036,1086.445624,1735.49192,1219
2021,5/4/2021,124,-0.307,13.16,6.4692,0.254,186.172,153.479662,186.172,1,0,0,0,0,0,,1430.29,1086.530206,1735.74592,1220
2021,5/5/2021,125,5.157,12.48,8.1282,0,186.172,153.479662,218.52124,1,0,0,1,49.014,0,Added much less water because 20 bins failed,1430.29,1086.530206,1768.09516,1221
2021,5/6/2021,126,2.105,19.16,10.7186,0,186.172,153.479662,218.52124,1,0,0,0,0,0,,1430.29,1086.530206,1768.09516,1222
2021,5/7/2021,127,7.959,26.33,18.3348,0,186.172,153.479662,218.52124,1,0,0,0,0,0,,1430.29,1086.530206,1768.09516,1223
2021,5/8/2021,128,3.949,21.13,14.1607,5.08,191.252,155.171302,223.60124,1,0,0,0,0,0,,1435.37,1088.221846,1773.17516,1224
2021,5/9/2021,129,1.012,8.19,4.6539,3.81,195.062,156.440032,227.41124,1,0,0,0,0,0,,1439.18,1089.490576,1776.98516,1225
2021,5/10/2021,130,-0.577,5.608,2.0038,11.94,207.002,160.416052,239.35124,1,0,0,0,0,0,,1451.12,1093.466596,1788.92516,1226
2021,5/11/2021,131,-0.597,5.84,1.1448,1.27,208.272,160.838962,240.62124,1,0,0,0,0,0,,1452.39,1093.889506,1790.19516,1227
2021,5/12/2021,132,-0.832,15.57,7.8539,0,208.272,160.838962,255.20724,1,0,0,1,22.1,0,,1452.39,1093.889506,1804.78116,1228
2021,5/13/2021,133,3.015,21.64,13.4852,0,208.272,160.838962,255.20724,1,0,0,0,0,0,,1452.39,1093.889506,1804.78116,1229
2021,5/14/2021,134,6.379,18.36,12.3322,0.762,209.034,161.092708,255.96924,1,0,0,0,0,0,,1453.152,1094.143252,1805.54316,1230
2021,5/15/2021,135,6.693,15.69,11.1738,0.254,209.288,161.17729,256.22324,1,0,0,0,0,0,,1453.406,1094.227834,1805.79716,1231
2021,5/16/2021,136,8.67,13.32,11.1398,0,209.288,161.17729,256.22324,1,0,0,0,0,0,,1453.406,1094.227834,1805.79716,1232
2021,5/17/2021,137,7.142,15.05,10.5134,14.48,223.768,165.99913,270.70324,1,0,0,0,0,0,,1467.886,1099.049674,1820.27716,1233
2021,5/18/2021,138,7.125,15.36,10.415,0,223.768,165.99913,270.70324,1,0,0,0,0,0,,1467.886,1099.049674,1820.27716,1234
2021,5/19/2021,139,7.05,19.66,13.7122,0,223.768,165.99913,280.9306,1,0,0,1,15.496,0,,1467.886,1099.049674,1830.50452,1235
2021,5/20/2021,140,8.98,23.89,17.0255,0,223.768,165.99913,280.9306,1,0,0,0,0,0,,1467.886,1099.049674,1830.50452,1236
2021,5/21/2021,141,8.32,24.14,16.6131,0,223.768,165.99913,280.9306,1,0,0,0,0,0,,1467.886,1099.049674,1830.50452,1237
2021,5/22/2021,142,6.904,15.2,11.0676,1.778,225.546,166.591204,282.7086,1,0,0,0,0,0,,1469.664,1099.641748,1832.28252,1238
2021,5/23/2021,143,8.93,22.54,14.7697,8.38,233.926,169.381744,291.0886,1,0,0,0,0,0,,1478.044,1102.432288,1840.66252,1239
2021,5/24/2021,144,4.146,20.67,13.5546,0,233.926,169.381744,297.79288,1,0,0,1,10.158,0,,1478.044,1102.432288,1847.3668,1240
2021,5/25/2021,145,9.66,22.03,16.3292,0,233.926,169.381744,297.79288,1,0,0,0,0,0,,1478.044,1102.432288,1847.3668,1241
2021,5/26/2021,146,9.45,23.14,16.3626,0,233.926,169.381744,297.79288,1,0,0,0,0,0,,1478.044,1102.432288,1847.3668,1242
2021,5/27/2021,147,7.687,20.54,14.8546,0,233.926,169.381744,297.79288,1,0,0,0,0,0,,1478.044,1102.432288,1847.3668,1243
2021,5/28/2021,148,5.579,23.81,15.9114,0,233.926,169.381744,297.79288,1,0,0,0,0,0,,1478.044,1102.432288,1847.3668,1244
2021,5/29/2021,149,8.91,20.46,14.3557,0.254,234.18,169.466326,298.04688,1,0,0,0,0,0,,1478.298,1102.51687,1847.6208,1245
2021,5/30/2021,150,6.549,11.38,8.5456,22.86,257.04,177.078706,320.90688,1,0,0,0,0,0,,1501.158,1110.12925,1870.4808,1246
2021,5/31/2021,151,6.104,12.79,8.5792,5.08,262.12,178.770346,325.98688,1,0,0,0,0,0,,1506.238,1111.82089,1875.5608,1247
2021,6/1/2021,152,5.667,18.09,12.1523,1.27,263.39,179.193256,327.25688,1,0,0,0,0,0,,1507.508,1112.2438,1876.8308,1248
2021,6/2/2021,153,9.36,21.5,15.7614,0,263.39,179.193256,346.70312,1,0,0,1,29.464,0,,1507.508,1112.2438,1896.27704,1249
2021,6/3/2021,154,11.29,25.4,18.899,0,263.39,179.193256,346.70312,1,0,0,0,0,0,,1507.508,1112.2438,1896.27704,1250
2021,6/4/2021,155,13.92,28,21.5246,0,263.39,179.193256,346.70312,1,0,0,0,0,0,,1507.508,1112.2438,1896.27704,1251
2021,6/5/2021,156,15.32,30.01,23.6399,0,263.39,179.193256,346.70312,1,0,0,0,0,0,,1507.508,1112.2438,1896.27704,1252
2021,6/6/2021,157,13.18,30.76,22.6747,0,263.39,179.193256,346.70312,1,0,0,0,0,0,,1507.508,1112.2438,1896.27704,1253
2021,6/7/2021,158,12.02,30.18,20.9649,0,263.39,179.193256,346.70312,1,0,0,0,0,0,,1507.508,1112.2438,1896.27704,1254
2021,6/8/2021,159,13.77,28.42,22.2728,0,263.39,179.193256,346.70312,1,0,0,0,0,0,,1507.508,1112.2438,1896.27704,1255
2021,6/9/2021,160,14.52,29.52,22.8166,0,263.39,179.193256,346.70312,1,0,0,0,0,0,,1507.508,1112.2438,1896.27704,1256
2021,6/10/2021,161,13.81,30,23.2202,0,263.39,179.193256,346.70312,1,0,0,0,0,0,,1507.508,1112.2438,1896.27704,1257
2021,6/11/2021,162,9.87,24.15,18.0771,0,263.39,179.193256,346.70312,1,0,0,0,0,0,,1507.508,1112.2438,1896.27704,1258
2021,6/12/2021,163,10.43,27.43,20.082,0,263.39,179.193256,346.70312,1,0,0,0,0,0,,1507.508,1112.2438,1896.27704,1259
2021,6/13/2021,164,14.41,31.52,23.3572,0,263.39,179.193256,346.70312,1,0,0,0,0,0,,1507.508,1112.2438,1896.27704,1260
2021,6/14/2021,165,15.72,33.59,24.716,0,263.39,179.193256,346.70312,1,0,0,0,0,0,,1507.508,1112.2438,1896.27704,1261
2021,6/15/2021,166,16.2,32.48,26.5398,0,263.39,179.193256,346.70312,1,0,0,0,0,0,,1507.508,1112.2438,1896.27704,1262
2021,6/16/2021,167,21.02,33.86,28.022,0,263.39,179.193256,346.70312,1,0,0,0,0,0,,1507.508,1112.2438,1896.27704,1263
2021,6/17/2021,168,19.23,34.94,27.8346,0,263.39,179.193256,346.70312,1,0,0,0,0,0,,1507.508,1112.2438,1896.27704,1264
2021,6/18/2021,169,21.31,28.94,25.5424,0,263.39,179.193256,346.70312,1,0,0,0,0,0,,1507.508,1112.2438,1896.27704,1265
2021,6/19/2021,170,15.49,29.06,22.3837,0,263.39,179.193256,346.70312,1,0,0,0,0,0,,1507.508,1112.2438,1896.27704,1266
2021,6/20/2021,171,9.12,25.4,20.6343,4.572,267.962,180.715732,351.27512,1,0,0,0,0,0,,1512.08,1113.766276,1900.84904,1267
2021,6/21/2021,172,8.41,19.94,13.4046,2.286,270.248,181.47697,353.56112,1,0,0,0,0,0,,1514.366,1114.527514,1903.13504,1268
2021,6/22/2021,173,10.39,30.06,22.7012,0,270.248,181.47697,353.56112,0,1,0,0,0,0,No cows for spring graze; simulated with weed whipping,1514.366,1114.527514,1903.13504,1269
2021,6/23/2021,174,17.53,32.63,26.9365,0,270.248,181.47697,353.56112,0,1,0,0,0,0,No cows for spring graze; simulated with weed whipping,1514.366,1114.527514,1903.13504,1270
2021,6/24/2021,175,15.37,27,20.6687,0,270.248,181.47697,353.56112,1,0,0,0,0,0,,1514.366,1114.527514,1903.13504,1271
2021,6/25/2021,176,11.01,21.53,14.9615,44.7,314.948,196.36207,398.26112,1,0,0,0,0,0,,1559.066,1129.412614,1947.83504,1272
2021,6/26/2021,177,9.7,18.8,13.0657,9.4,324.348,199.49227,407.66112,1,0,0,0,0,0,,1568.466,1132.542814,1957.23504,1273
2021,6/27/2021,178,10.13,19.56,14.338,6.858,331.206,201.775984,414.51912,1,0,0,0,0,0,,1575.324,1134.826528,1964.09304,1274
2021,6/28/2021,179,10.61,20.59,15.2814,0,331.206,201.775984,459.27768,1,0,0,1,67.816,0,"Bins were full, so some of the water spilled out and not added back",1575.324,1134.826528,2008.8516,1275
2021,6/29/2021,180,10.54,21.46,16.1662,0,331.206,201.775984,459.27768,1,0,0,0,0,0,,1575.324,1134.826528,2008.8516,1276
2021,6/30/2021,181,12.46,25,18.5541,0,331.206,201.775984,459.27768,1,0,0,0,0,0,,1575.324,1134.826528,2008.8516,1277
2021,7/1/2021,182,11.91,23.17,16.3286,27.69,358.896,210.996754,486.96768,1,0,0,0,0,0,,1603.014,1144.047298,2036.5416,1278
2021,7/2/2021,183,10.7,25.91,18.4499,0.254,359.15,211.081336,487.22168,1,0,0,0,0,0,,1603.268,1144.13188,2036.7956,1279
2021,7/3/2021,184,14.83,29.57,22.5476,0,359.15,211.081336,505.66472,1,0,0,1,27.944,0,,1603.268,1144.13188,2055.23864,1280
2021,7/4/2021,185,16.37,28.91,22.7725,0,359.15,211.081336,505.66472,1,0,0,0,0,0,,1603.268,1144.13188,2055.23864,1281
2021,7/5/2021,186,16.87,28.75,22.6255,0,359.15,211.081336,505.66472,1,0,0,,,0,,1603.268,1144.13188,2055.23864,1282
2021,7/6/2021,187,14.93,24.81,20.2168,0.254,359.404,211.165918,505.91872,1,0,0,,,0,,1603.522,1144.216462,2055.49264,1283
2021,7/7/2021,188,14.9,29.69,22.2703,0,359.404,211.165918,505.91872,1,0,0,,,0,,1603.522,1144.216462,2055.49264,1284
2021,7/8/2021,189,16.63,34.4,27.2427,0,359.404,211.165918,505.91872,1,0,0,,,0,,1603.522,1144.216462,2055.49264,1285
2021,7/9/2021,190,18.46,33.48,27.6013,0,359.404,211.165918,505.91872,1,0,0,,,0,,1603.522,1144.216462,2055.49264,1286
2021,7/10/2021,191,14.96,25.79,21.1313,0,359.404,211.165918,505.91872,1,0,0,,,0,,1603.522,1144.216462,2055.49264,1287
2021,7/11/2021,192,14.41,27.3,20.0778,0,359.404,211.165918,505.91872,1,0,0,,,0,,1603.522,1144.216462,2055.49264,1288
2021,7/12/2021,193,14.24,29.55,22.653,0,359.404,211.165918,505.91872,1,0,0,,,0,,1603.522,1144.216462,2055.49264,1289
2021,7/13/2021,194,17.2,24.82,22.0903,2.032,361.436,211.842574,507.95072,1,0,0,,,0,,1605.554,1144.893118,2057.52464,1290
2021,7/14/2021,195,14.3,23.25,18.2445,0.254,361.69,211.927156,508.20472,1,0,0,,,0,,1605.808,1144.9777,2057.77864,1291
2021,7/15/2021,196,12.04,26.73,19.8038,0,361.69,211.927156,508.20472,1,0,0,,,0,,1605.808,1144.9777,2057.77864,1292
2021,7/16/2021,197,14.91,30.08,23.2118,0,361.69,211.927156,508.20472,1,0,0,,,0,,1605.808,1144.9777,2057.77864,1293
2021,7/17/2021,198,16.87,30.39,22.9078,0,361.69,211.927156,508.20472,1,0,0,,,0,,1605.808,1144.9777,2057.77864,1294
2021,7/18/2021,199,15.29,30.28,23.2736,0,361.69,211.927156,508.20472,1,0,0,,,0,,1605.808,1144.9777,2057.77864,1295
2021,7/19/2021,200,17.76,31.04,24.4599,0,361.69,211.927156,508.20472,1,0,0,,,0,,1605.808,1144.9777,2057.77864,1296
2021,7/20/2021,201,15.76,31.94,24.5491,0,361.69,211.927156,508.20472,1,0,0,,,0,,1605.808,1144.9777,2057.77864,1297
2021,7/21/2021,202,17.91,29.59,23.255,0.254,361.944,212.011738,508.45872,1,0,0,,,0,,1606.062,1145.062282,2058.03264,1298
2021,7/22/2021,203,18.04,32.29,25.5216,0,361.944,212.011738,508.45872,1,0,0,,,0,,1606.062,1145.062282,2058.03264,1299
2021,7/23/2021,204,15.46,31.72,23.9951,10.67,372.614,215.564848,519.12872,1,0,0,,,0,,1616.732,1148.615392,2068.70264,1300
2021,7/24/2021,205,16.4,28.24,22.2062,0,372.614,215.564848,519.12872,1,0,0,,,0,,1616.732,1148.615392,2068.70264,1301
2021,7/25/2021,206,15.8,30.06,22.0341,4.064,376.678,216.91816,523.19272,1,0,0,,,0,,1620.796,1149.968704,2072.76664,1302
2021,7/26/2021,207,15.02,30.82,23.5339,0,376.678,216.91816,523.19272,1,0,0,,,0,,1620.796,1149.968704,2072.76664,1303
2021,7/27/2021,208,15.6,32.97,24.9734,0,376.678,216.91816,523.19272,1,0,0,,,0,,1620.796,1149.968704,2072.76664,1304
2021,7/28/2021,209,17.84,33.23,26.1769,0,376.678,216.91816,523.19272,1,0,0,,,0,,1620.796,1149.968704,2072.76664,1305
2021,7/29/2021,210,18.41,30.36,24.3377,0,376.678,216.91816,523.19272,1,0,0,,,0,,1620.796,1149.968704,2072.76664,1306
2021,7/30/2021,211,16.45,30.04,22.6387,1.27,377.948,217.34107,524.46272,1,0,0,,,0,,1622.066,1150.391614,2074.03664,1307
2021,7/31/2021,212,14.6,20.63,17.2635,21.59,399.538,224.53054,546.05272,1,0,0,,,0,,1643.656,1157.581084,2095.62664,1308
2021,8/1/2021,213,14.88,24.59,19.5232,0,399.538,224.53054,546.05272,1,0,0,,,0,,1643.656,1157.581084,2095.62664,1309
2021,8/2/2021,214,13.84,27.23,20.8723,0,399.538,224.53054,546.05272,1,0,0,,,0,,1643.656,1157.581084,2095.62664,1310
2021,8/3/2021,215,14.37,24.81,19.8082,7.112,406.65,226.898836,553.16472,1,0,0,,,0,,1650.768,1159.94938,2102.73864,1311
2021,8/4/2021,216,12.83,25.4,19.0169,0,406.65,226.898836,553.16472,1,0,0,,,0,,1650.768,1159.94938,2102.73864,1312
2021,8/5/2021,217,13.35,30.54,23.29,0,406.65,226.898836,553.16472,1,0,0,,,0,,1650.768,1159.94938,2102.73864,1313
2021,8/6/2021,218,15.72,29.58,23.3888,1.016,407.666,227.237164,554.18072,1,0,0,,,0,,1651.784,1160.287708,2103.75464,1314
2021,8/7/2021,219,15.71,24.99,20.4307,0,407.666,227.237164,554.18072,1,0,0,,,0,,1651.784,1160.287708,2103.75464,1315
2021,8/8/2021,220,15.59,31.07,24.5211,0,407.666,227.237164,554.18072,1,0,0,,,0,,1651.784,1160.287708,2103.75464,1316
2021,8/9/2021,221,18.46,32.44,26.2648,0,407.666,227.237164,554.18072,1,0,0,,,0,,1651.784,1160.287708,2103.75464,1317
2021,8/10/2021,222,16.48,33.14,25.1148,0,407.666,227.237164,554.18072,1,0,0,,,0,,1651.784,1160.287708,2103.75464,1318
2021,8/11/2021,223,16.4,31.81,24.8685,0,407.666,227.237164,554.18072,1,0,0,,,0,,1651.784,1160.287708,2103.75464,1319
2021,8/12/2021,224,16.66,27.08,22.7177,0,407.666,227.237164,554.18072,1,0,0,,,0,,1651.784,1160.287708,2103.75464,1320
2021,8/13/2021,225,13.55,27.42,20.3418,0,407.666,227.237164,554.18072,1,0,0,,,0,,1651.784,1160.287708,2103.75464,1321
2021,8/14/2021,226,15.52,31.85,23.4809,0,407.666,227.237164,554.18072,1,0,0,,,0,,1651.784,1160.287708,2103.75464,1322
2021,8/15/2021,227,17.48,29.57,23.2283,0,407.666,227.237164,554.18072,1,0,0,,,0,,1651.784,1160.287708,2103.75464,1323
2021,8/16/2021,228,17.02,30.33,23.8139,0,407.666,227.237164,554.18072,1,0,0,,,0,,1651.784,1160.287708,2103.75464,1324
2021,8/17/2021,229,18.42,32.52,25.1062,0,407.666,227.237164,554.18072,1,0,0,,,0,,1651.784,1160.287708,2103.75464,1325
2021,8/18/2021,230,18.12,31.27,24.7944,0,407.666,227.237164,554.18072,1,0,0,,,0,,1651.784,1160.287708,2103.75464,1326
2021,8/19/2021,231,13.88,22.48,18.0172,3.048,410.714,228.252148,557.22872,1,0,0,,,0,,1654.832,1161.302692,2106.80264,1327
2021,8/20/2021,232,7.36,23.47,16.7808,8.64,419.354,231.129268,565.86872,1,0,0,,,0,,1663.472,1164.179812,2115.44264,1328
2021,8/21/2021,233,11.04,25.9,17.0144,1.778,421.132,231.721342,567.64672,1,0,0,,,0,,1665.25,1164.771886,2117.22064,1329
2021,8/22/2021,234,12.55,29.8,21.0192,0,421.132,231.721342,567.64672,1,0,0,,,0,,1665.25,1164.771886,2117.22064,1330
2021,8/23/2021,235,14.27,29.4,23.099,0,421.132,231.721342,567.64672,1,0,0,,,0,,1665.25,1164.771886,2117.22064,1331
2021,8/24/2021,236,15.57,31.68,24.3661,0,421.132,231.721342,567.64672,1,0,0,,,0,,1665.25,1164.771886,2117.22064,1332
2021,8/25/2021,237,14.3,27.6,20.7459,0,421.132,231.721342,567.64672,1,0,0,,,0,,1665.25,1164.771886,2117.22064,1333
2021,8/26/2021,238,12.38,26.97,20.4084,0,421.132,231.721342,567.64672,1,0,0,,,0,,1665.25,1164.771886,2117.22064,1334
2021,8/27/2021,239,13.01,32.24,23.9869,0,421.132,231.721342,567.64672,1,0,0,,,,,1665.25,1164.771886,2117.22064,1335
2021,8/28/2021,240,16.04,28.99,22.8709,0,421.132,231.721342,567.64672,1,0,0,,,,,1665.25,1164.771886,2117.22064,1336
2021,8/29/2021,241,13.88,25.73,19.0108,0,421.132,231.721342,567.64672,1,0,0,,,,,1665.25,1164.771886,2117.22064,1337
2021,8/30/2021,242,13.23,31.75,23.1736,0,421.132,231.721342,567.64672,1,0,0,,,,,1665.25,1164.771886,2117.22064,1338
2021,8/31/2021,243,17.16,32.25,25.3589,0,421.132,231.721342,567.64672,1,0,0,,,,,1665.25,1164.771886,2117.22064,1339
2021,9/1/2021,244,16.21,26.76,21.1891,0,421.132,231.721342,567.64672,1,0,0,,,,,1665.25,1164.771886,2117.22064,1340
2021,9/2/2021,245,13.19,25.39,19.5247,0.254,421.386,231.805924,567.90072,1,0,0,,,,,1665.504,1164.856468,2117.47464,1341
2021,9/3/2021,246,12.58,26.21,18.742,0,421.386,231.805924,567.90072,1,0,0,,,,,1665.504,1164.856468,2117.47464,1342
2021,9/4/2021,247,11.15,26.99,19.3692,0,421.386,231.805924,567.90072,1,0,0,,,,,1665.504,1164.856468,2117.47464,1343
2021,9/5/2021,248,13.21,28.66,21.2832,0,421.386,231.805924,567.90072,1,0,0,,,,,1665.504,1164.856468,2117.47464,1344
2021,9/6/2021,249,16.42,33.31,25.4894,0,421.386,231.805924,567.90072,1,0,0,,,,,1665.504,1164.856468,2117.47464,1345
2021,9/7/2021,250,14.87,27.9,22.402,0,421.386,231.805924,567.90072,1,0,0,,,,,1665.504,1164.856468,2117.47464,1346
2021,9/8/2021,251,13.1,27.28,20.2802,0,421.386,231.805924,567.90072,1,0,0,,,,,1665.504,1164.856468,2117.47464,1347
2021,9/9/2021,252,13.14,32.71,23.7288,0,421.386,231.805924,567.90072,1,0,0,,,,,1665.504,1164.856468,2117.47464,1348
2021,9/10/2021,253,17.17,34.62,26.4839,0,421.386,231.805924,567.90072,1,0,0,,,,,1665.504,1164.856468,2117.47464,1349
2021,9/11/2021,254,15.15,32.81,25.1953,0.254,421.64,231.890506,568.15472,1,0,0,,,,,1665.758,1164.94105,2117.72864,1350
2021,9/12/2021,255,15.77,27.23,20.2715,0,421.64,231.890506,568.15472,1,0,0,,,,,1665.758,1164.94105,2117.72864,1351
2021,9/13/2021,256,14.33,26.82,20.2658,0,421.64,231.890506,568.15472,1,0,0,,,,,1665.758,1164.94105,2117.72864,1352
2021,9/14/2021,257,11.57,22.31,16.9894,0,421.64,231.890506,568.15472,1,0,0,,,,,1665.758,1164.94105,2117.72864,1353
2021,9/15/2021,258,11.59,30.06,21.9758,0,421.64,231.890506,568.15472,1,0,0,,,,,1665.758,1164.94105,2117.72864,1354
2021,9/16/2021,259,15.97,31.09,24.0907,0,421.64,231.890506,568.15472,1,0,0,,,,,1665.758,1164.94105,2117.72864,1355
2021,9/17/2021,260,5.753,19.54,12.7251,0,421.64,231.890506,568.15472,1,0,0,,,,,1665.758,1164.94105,2117.72864,1356
2021,9/18/2021,261,8.83,30.44,21.6642,0,421.64,231.890506,568.15472,1,0,0,,,,,1665.758,1164.94105,2117.72864,1357
2021,9/19/2021,262,13.16,28.5,22.3633,0,421.64,231.890506,568.15472,0,0,0,,,,,1665.758,1164.94105,2117.72864,1358
2021,9/20/2021,263,6.424,18.34,12.5647,0,421.64,231.890506,568.15472,0,0,0,,,,,1665.758,1164.94105,2117.72864,1359
2021,9/21/2021,264,2.622,16.93,9.5197,0.762,422.402,232.652506,568.91672,0,0,0,,,,,1666.52,1165.70305,2118.49064,1360
2021,9/22/2021,265,5.552,24.71,15.6642,0,422.402,232.652506,568.91672,0,0,0,,,,,1666.52,1165.70305,2118.49064,1361
2021,9/23/2021,266,13,26.39,19.7658,0,422.402,232.652506,568.91672,0,0,0,,,,,1666.52,1165.70305,2118.49064,1362
2021,9/24/2021,267,9.28,20.41,14.7683,0,422.402,232.652506,568.91672,0,0,0,,,,,1666.52,1165.70305,2118.49064,1363
2021,9/25/2021,268,9.82,28.27,19.9628,0,422.402,232.652506,568.91672,0,0,0,,,,,1666.52,1165.70305,2118.49064,1364
2021,9/26/2021,269,15.85,29.35,23.0587,0,422.402,232.652506,568.91672,0,0,0,,,,,1666.52,1165.70305,2118.49064,1365
2021,9/27/2021,270,14.01,29.46,21.9483,0,422.402,232.652506,568.91672,0,0,0,,,,,1666.52,1165.70305,2118.49064,1366
2021,9/28/2021,271,14.19,25.61,19.4543,0,422.402,232.652506,568.91672,0,0,0,,,,,1666.52,1165.70305,2118.49064,1367
2021,9/29/2021,272,4.48,19.55,12.2125,6.604,429.006,239.256506,575.52072,0,0,0,,,,,1673.124,1172.30705,2125.09464,1368
2021,9/30/2021,273,4.326,10.41,7.4757,0.762,429.768,240.018506,576.28272,0,0,0,,,,,1673.886,1173.06905,2125.85664,1369
2021,10/1/2021,274,6.362,17.01,11.5557,0,429.768,240.018506,576.28272,0,0,0,,,,,1673.886,1173.06905,2125.85664,1370
2021,10/2/2021,275,7.901,19.2,13.7984,0,429.768,240.018506,576.28272,0,0,0,,,,,1673.886,1173.06905,2125.85664,1371
2021,10/3/2021,276,7.634,23.47,16.1104,0,429.768,240.018506,576.28272,0,0,0,,,,,1673.886,1173.06905,2125.85664,1372
2021,10/4/2021,277,11.05,25.11,17.7175,0,429.768,240.018506,576.28272,0,0,0,,,,,1673.886,1173.06905,2125.85664,1373
2021,10/5/2021,278,8.61,25.88,17.3782,0,429.768,240.018506,576.28272,0,0,0,,,,,1673.886,1173.06905,2125.85664,1374
2021,10/6/2021,279,9.12,22.12,16.7842,0,429.768,240.018506,576.28272,0,0,0,,,,,1673.886,1173.06905,2125.85664,1375
2021,10/7/2021,280,12.86,23.35,18.0019,0,429.768,240.018506,576.28272,0,0,0,,,,,1673.886,1173.06905,2125.85664,1376
2021,10/8/2021,281,10.47,23.79,16.9657,0,429.768,240.018506,576.28272,0,0,0,,,,,1673.886,1173.06905,2125.85664,1377
2021,10/9/2021,282,10.6,19.1,14.1046,0,429.768,240.018506,576.28272,0,0,0,,,,,1673.886,1173.06905,2125.85664,1378
2021,10/10/2021,283,3.285,17.9,11.4457,0,429.768,240.018506,576.28272,0,0,0,,,,,1673.886,1173.06905,2125.85664,1379
2021,10/11/2021,284,5.12,19.19,12.0576,0,429.768,240.018506,576.28272,0,0,0,,,,,1673.886,1173.06905,2125.85664,1380
2021,10/12/2021,285,-0.339,7.808,4.8551,1.016,430.784,241.034506,577.29872,0,0,0,,,,,1674.902,1174.08505,2126.87264,1381
2021,10/13/2021,286,-0.534,12.11,7.11,0,430.784,241.034506,577.29872,0,0,0,,,,,1674.902,1174.08505,2126.87264,1382
2021,10/14/2021,287,-1.486,7.024,1.8375,0,430.784,241.034506,577.29872,0,0,0,,,,,1674.902,1174.08505,2126.87264,1383
2021,10/15/2021,288,-0.725,10.35,5.6822,0,430.784,241.034506,577.29872,0,0,0,,,,,1674.902,1174.08505,2126.87264,1384
2021,10/16/2021,289,2.833,18.98,11.106,0,430.784,241.034506,577.29872,0,0,0,,,,,1674.902,1174.08505,2126.87264,1385
2021,10/17/2021,290,5.299,21.16,13.3436,0,430.784,241.034506,577.29872,0,0,0,,,,,1674.902,1174.08505,2126.87264,1386
2021,10/18/2021,291,8.15,22.72,15.4263,0,430.784,241.034506,577.29872,0,0,0,,,,,1674.902,1174.08505,2126.87264,1387
2021,10/19/2021,292,-0.027,13.88,7.1182,0,430.784,241.034506,577.29872,0,0,0,,,,,1674.902,1174.08505,2126.87264,1388
2021,10/20/2021,293,-2.317,15.14,6.5529,0,430.784,241.034506,577.29872,0,0,0,,,,,1674.902,1174.08505,2126.87264,1389
2021,10/21/2021,294,3.387,17.64,9.8308,0,430.784,241.034506,577.29872,0,0,0,,,,,1674.902,1174.08505,2126.87264,1390
2021,10/22/2021,295,7.682,21.73,14.8066,0,430.784,241.034506,577.29872,0,0,0,,,,,1674.902,1174.08505,2126.87264,1391
2021,10/23/2021,296,8.54,19.49,14.1867,0,430.784,241.034506,577.29872,0,0,0,,,,,1674.902,1174.08505,2126.87264,1392
2021,10/24/2021,297,3.878,18.29,11.4138,0,430.784,241.034506,577.29872,0,0,0,,,,,1674.902,1174.08505,2126.87264,1393
2021,10/25/2021,298,2.473,20.98,11.9775,0,430.784,241.034506,577.29872,0,0,0,,,,,1674.902,1174.08505,2126.87264,1394
2021,10/26/2021,299,0.546,20.6,11.0377,0,430.784,241.034506,577.29872,0,0,0,,,,,1674.902,1174.08505,2126.87264,1395
2021,10/27/2021,300,1.885,11.02,7.1157,0,430.784,241.034506,577.29872,0,0,0,,,,,1674.902,1174.08505,2126.87264,1396
2021,10/28/2021,301,-0.887,12.46,7.1874,0,430.784,241.034506,577.29872,0,0,0,,,,,1674.902,1174.08505,2126.87264,1397
2021,10/29/2021,302,7.683,21.33,14.4041,0,430.784,241.034506,577.29872,0,0,0,,,,,1674.902,1174.08505,2126.87264,1398
2021,10/30/2021,303,2.853,21.02,13.1639,0,430.784,241.034506,577.29872,0,0,0,,,,,1674.902,1174.08505,2126.87264,1399
2021,10/31/2021,304,0.24,3.655,1.6273,0,430.784,241.034506,577.29872,0,0,0,,,,,1674.902,1174.08505,2126.87264,1400
2021,11/1/2021,305,-1.084,0.881,-0.0131,0.508,431.292,241.542506,577.80672,0,0,0,,,,,1675.41,1174.59305,2127.38064,1401
2021,11/2/2021,306,-0.261,4.899,2.0902,0.254,431.546,241.796506,578.06072,0,0,0,,,,,1675.664,1174.84705,2127.63464,1402
2021,11/3/2021,307,1.164,13.59,6.6214,0,431.546,241.796506,578.06072,0,0,0,,,,,1675.664,1174.84705,2127.63464,1403
2021,11/4/2021,308,2.266,18.74,11.062,0,431.546,241.796506,578.06072,0,0,0,,,,,1675.664,1174.84705,2127.63464,1404
2021,11/5/2021,309,8.94,21.56,16.1531,0,431.546,241.796506,578.06072,0,0,0,,,,,1675.664,1174.84705,2127.63464,1405
2021,11/6/2021,310,5.572,23.18,14.2421,0,431.546,241.796506,578.06072,0,0,0,,,,,1675.664,1174.84705,2127.63464,1406
2021,11/7/2021,311,9.81,22.27,15.7023,0,431.546,241.796506,578.06072,0,0,0,,,,,1675.664,1174.84705,2127.63464,1407
2021,11/8/2021,312,0.659,10,3.715,0,431.546,241.796506,578.06072,0,0,0,,,,,1675.664,1174.84705,2127.63464,1408
2021,11/9/2021,313,-1.401,11.03,5.4755,0,431.546,241.796506,578.06072,0,0,0,,,,,1675.664,1174.84705,2127.63464,1409
2021,11/10/2021,314,4.325,10.65,8.244,0,431.546,241.796506,578.06072,0,0,0,,,,,1675.664,1174.84705,2127.63464,1410
2021,11/11/2021,315,-0.917,9.54,5.6695,0,431.546,241.796506,578.06072,0,0,0,,,,,1675.664,1174.84705,2127.63464,1411
2021,11/12/2021,316,-4.524,13.3,4.9773,0,431.546,241.796506,578.06072,0,0,1,,,,,1675.664,1174.84705,2127.63464,1412
2021,11/13/2021,317,0.726,17.76,12.7132,0,431.546,241.796506,578.06072,0,0,1,,,,,1675.664,1174.84705,2127.63464,1413
2021,11/14/2021,318,-1.172,16.53,10.1278,0,431.546,241.796506,578.06072,0,0,1,,,,,1675.664,1174.84705,2127.63464,1414
2021,11/15/2021,319,13.22,20.8,16.7343,0,431.546,241.796506,578.06072,0,0,1,,,,,1675.664,1174.84705,2127.63464,1415
2021,11/16/2021,320,1.697,19.42,14.0685,0,431.546,241.796506,578.06072,0,0,1,,,,,1675.664,1174.84705,2127.63464,1416
2021,11/17/2021,321,-6.948,1.71,-2.9523,0,431.546,241.796506,578.06072,0,0,1,,,,,1675.664,1174.84705,2127.63464,1417
2021,11/18/2021,322,-7.158,12.98,2.3595,0,431.546,241.796506,578.06072,0,0,1,,,,,1675.664,1174.84705,2127.63464,1418
2021,11/19/2021,323,4.603,16.74,11.8448,0,431.546,241.796506,578.06072,0,0,1,,,,,1675.664,1174.84705,2127.63464,1419
2021,11/20/2021,324,1.172,12.18,6.7318,0,431.546,241.796506,578.06072,0,0,1,,,,,1675.664,1174.84705,2127.63464,1420
2021,11/21/2021,325,-0.47,12.45,6.742,0,431.546,241.796506,578.06072,0,0,1,,,,,1675.664,1174.84705,2127.63464,1421
2021,11/22/2021,326,6.541,18.5,12.2237,0,431.546,241.796506,578.06072,0,0,1,,,,,1675.664,1174.84705,2127.63464,1422
2021,11/23/2021,327,4.866,19.69,12.9798,0,431.546,241.796506,578.06072,0,0,1,,,,,1675.664,1174.84705,2127.63464,1423
2021,11/24/2021,328,-7.027,10.32,2.4375,1.016,432.562,242.812506,579.07672,0,0,1,,,,,1676.68,1175.86305,2128.65064,1424
2021,11/25/2021,329,-7.739,11.61,4.5029,0,432.562,242.812506,579.07672,0,0,1,,,,,1676.68,1175.86305,2128.65064,1425
2021,11/26/2021,330,7.094,18.37,13.3485,0,432.562,242.812506,579.07672,0,0,1,,,,,1676.68,1175.86305,2128.65064,1426
2021,11/27/2021,331,0.381,12.4,6.877,0,432.562,242.812506,579.07672,0,0,1,,,,,1676.68,1175.86305,2128.65064,1427
2021,11/28/2021,332,-1.063,17.44,10.5736,0,432.562,242.812506,579.07672,0,0,1,,,,,1676.68,1175.86305,2128.65064,1428
2021,11/29/2021,333,8.06,21.74,15.6227,0,432.562,242.812506,579.07672,0,0,1,,,,,1676.68,1175.86305,2128.65064,1429
2021,11/30/2021,334,0.775,16.31,10.6655,0,432.562,242.812506,579.07672,0,0,1,,,,,1676.68,1175.86305,2128.65064,1430
2021,12/1/2021,335,12.25,22.03,15.5109,0,432.562,242.812506,579.07672,0,0,1,,,,,1676.68,1175.86305,2128.65064,1431
2021,12/2/2021,336,8.03,20.22,15.587,0,432.562,242.812506,579.07672,0,0,1,,,,,1676.68,1175.86305,2128.65064,1432
2021,12/3/2021,337,1.862,15.11,8.1459,0,432.562,242.812506,579.07672,0,0,1,,,,,1676.68,1175.86305,2128.65064,1433
2021,12/4/2021,338,0.938,18.25,10.7152,0,432.562,242.812506,579.07672,0,0,1,,,,,1676.68,1175.86305,2128.65064,1434
2021,12/5/2021,339,-7.811,15.47,6.7144,0,432.562,242.812506,579.07672,0,0,1,,,,,1676.68,1175.86305,2128.65064,1435
2021,12/6/2021,340,-11.07,7.358,-3.5733,0,432.562,242.812506,579.07672,0,0,1,,,,,1676.68,1175.86305,2128.65064,1436
2021,12/7/2021,341,-3.796,10.08,5.9331,0,432.562,242.812506,579.07672,0,0,1,,,,,1676.68,1175.86305,2128.65064,1437
2021,12/8/2021,342,3.512,13.16,8.3953,0,432.562,242.812506,579.07672,0,0,1,,,,,1676.68,1175.86305,2128.65064,1438
2021,12/9/2021,343,-0.9,8.64,4.9433,0,432.562,242.812506,579.07672,0,0,1,,,,,1676.68,1175.86305,2128.65064,1439
2021,12/10/2021,344,-7.618,0.274,-3.3237,1.016,433.578,243.828506,580.09272,0,0,1,,,,,1677.696,1176.87905,2129.66664,1440
2021,12/11/2021,345,-5.762,9.34,2.7194,0,433.578,243.828506,580.09272,0,0,1,,,,,1677.696,1176.87905,2129.66664,1441
2021,12/12/2021,346,4.481,17.12,9.9695,0,433.578,243.828506,580.09272,0,0,1,,,,,1677.696,1176.87905,2129.66664,1442
2021,12/13/2021,347,0.25,11.42,5.8454,0,433.578,243.828506,580.09272,0,0,1,,,,,1677.696,1176.87905,2129.66664,1443
2021,12/14/2021,348,3.087,17.37,9.2188,0,433.578,243.828506,580.09272,0,0,1,,,,,1677.696,1176.87905,2129.66664,1444
2021,12/15/2021,349,-1.381,12.08,4.3271,0,433.578,243.828506,580.09272,0,0,1,,,,,1677.696,1176.87905,2129.66664,1445
2021,12/16/2021,350,-2.632,5.974,2.2703,0,433.578,243.828506,580.09272,0,0,1,,,,,1677.696,1176.87905,2129.66664,1446
2021,12/17/2021,351,-11.88,3.182,-1.2195,0,433.578,243.828506,580.09272,0,0,1,,,,,1677.696,1176.87905,2129.66664,1447
2021,12/18/2021,352,-12.75,5.86,-2.9402,0,433.578,243.828506,580.09272,0,0,1,,,,,1677.696,1176.87905,2129.66664,1448
2021,12/19/2021,353,1.349,13.78,8.8004,0,433.578,243.828506,580.09272,0,0,1,,,,,1677.696,1176.87905,2129.66664,1449
2021,12/20/2021,354,-1.019,13.82,8.6344,0,433.578,243.828506,580.09272,0,0,1,,,,,1677.696,1176.87905,2129.66664,1450
2021,12/21/2021,355,4.443,13.81,10.3074,0,433.578,243.828506,580.09272,0,0,1,,,,,1677.696,1176.87905,2129.66664,1451
2021,12/22/2021,356,3.54,16.47,10.9169,0,433.578,243.828506,580.09272,0,0,1,,,,,1677.696,1176.87905,2129.66664,1452
2021,12/23/2021,357,7.003,16.09,11.324,0,433.578,243.828506,580.09272,0,0,1,,,,,1677.696,1176.87905,2129.66664,1453
2021,12/24/2021,358,0.661,10.54,4.7893,0.254,433.832,244.082506,580.34672,0,0,1,,,,,1677.95,1177.13305,2129.92064,1454
2021,12/25/2021,359,-0.184,9.99,4.5929,0,433.832,244.082506,580.34672,0,0,1,,,,,1677.95,1177.13305,2129.92064,1455
2021,12/26/2021,360,-3.474,10.21,2.5616,0,433.832,244.082506,580.34672,0,0,1,,,,,1677.95,1177.13305,2129.92064,1456
2021,12/27/2021,361,-8.13,5.192,-1.2396,0,433.832,244.082506,580.34672,0,0,1,,,,,1677.95,1177.13305,2129.92064,1457
2021,12/28/2021,362,-9.57,0.891,-3.7581,0,433.832,244.082506,580.34672,0,0,1,,,,,1677.95,1177.13305,2129.92064,1458
2021,12/29/2021,363,-12.33,-0.952,-6.6034,0,433.832,244.082506,580.34672,0,0,1,,,,,1677.95,1177.13305,2129.92064,1459
2021,12/30/2021,364,-5.398,6.418,2.4324,0,433.832,244.082506,580.34672,0,0,1,,,,,1677.95,1177.13305,2129.92064,1460
2021,12/31/2021,365,-11.87,5.76,-3.1117,9.65,443.482,253.732506,589.99672,0,0,1,,,,,1687.6,1186.78305,2139.57064,1461
